episode,height_above_pad,horizontal_error,dx,dy,dz,dvx,dvy,dvz,pos_norm,vel_norm
0,0.49786605920153093,0.20928457669229814,0.008189339440340004,0.0012299977849851984,-0.018192115242011697,-0.4352370976118639,-0.296442716072667,-0.23853331558163238,0.019988277364465682,0.578107046914761
0,0.49311706683375645,0.2162993709208515,0.008821857426967866,0.0016479671955489106,-0.008510916868656349,0.01480946109831209,0.008550510036003323,0.2680543225480915,0.012368373793047031,0.26859923900974564
0,0.48839078374909317,0.2224751694153024,0.007837856158808582,0.0014043267986604546,-0.015495217718050291,-0.04314781434002721,-0.020338180489996638,-0.19195691614472513,0.017421420580807673,0.19779492694141113
0,0.4850257789444441,0.22706276896168884,0.00589523515326254,0.004461724885018364,-0.012419551642094684,-0.07492106281968389,0.0754601561775589,0.11027625278771154,0.014453582581924501,0.15319351407051102
0,0.48119335453954215,0.23019245795181226,0.006957269793129911,0.0011432788139900674,-0.014412818844078079,0.021129722036316162,-0.11096378627311486,-0.08462290298248112,0.01604493803207506,0.1411398693728314
0,0.47577405161936037,0.23212411097551125,0.0063548564692335885,0.0027390818732123956,-0.006555024177343993,-0.027603492916111402,0.03469753565198208,0.2180270182580844,0.00953179480571655,0.2224896682814765
0,0.47047246824585,0.23268078955774418,0.0049459609729846366,0.001583339458975791,-0.0117020235868871,-0.055117822575487474,-0.048755842789376974,-0.13777944327806466,0.012802611054652052,0.1561994928339359
0,0.4658554179942521,0.2320091058485423,0.005127905661322457,0.0030784109366343015,-0.011555432532386889,-0.00452280885996284,0.03801765087578274,0.00761202136720962,0.013011535319736785,0.03903511812959605
0,0.4611234916973579,0.23061386483096497,0.007255601791946065,0.0022691054578919123,-0.011911674227387536,0.05887793442282899,-0.028505090974131342,-0.015795537691124545,0.014130837903030885,0.0672952478581823
0,0.4557399332106571,0.2287605976315685,0.00782354904845406,0.0027376923626517558,-0.012022238761910553,0.013291135828806366,0.009388867651023591,-0.014549223054542676,0.01460264031038472,0.021828536801147568
0,0.45136052535325055,0.22636898150235915,0.0061621571229041605,0.002638656869521583,-0.011192517518644807,-0.05729944352773228,-0.005817828514976114,0.057050895746521696,0.013046345805918331,0.0810671207253467
0,0.4470060168471659,0.22363820729788134,0.0058613824920502045,0.0020973557174379376,-0.006918461239535989,-0.012100287689112088,-0.01418004188861835,0.10382655005991007,0.0093069765040288,0.10548669606858137
0,0.44187546153559176,0.22099600026821142,0.006998729554002853,0.002114945595128953,-0.009168555280627488,0.03530651147848385,0.004284755343266333,-0.06663692380187478,0.011726790531699222,0.07553402210202252
0,0.4362709393764518,0.21861486894971052,0.004049855930696816,0.0012532316078595063,-0.019401102542580706,-0.0863276988662354,-0.024731179036831974,-0.3186892267163267,0.019858869615113288,0.33109957117631783
0,0.43153924137114086,0.21633040146005086,0.025718931151110708,0.02209745524386275,-0.012615094184815878,0.6506817210450788,0.6239180465679184,0.2330372999941862,0.036178744437885976,0.9311105273402794
0,0.4269695352415963,0.21407441859930912,0.009756561485407267,0.004204796234904051,-0.0061731553282472484,-0.47639710119937473,-0.536487810669894,0.17412466634909485,0.01228733698171671,0.7383039810672343
0,0.422171459265933,0.2121171731412378,0.006637760187584885,0.0005740267086615514,-0.009567273853674896,-0.08641733573347032,-0.10742701058044543,-0.0923235997997619,0.011658563203129064,0.1659281941006683
0,0.41707057795909164,0.21056305868369604,0.006386369395750352,0.003265846589159155,-0.008981108479679978,-0.001616720749759465,0.0801413632608668,0.0031598768146788303,0.011493988756157664,0.08021992715514555
0,0.412838418589751,0.20921992961400704,0.007113208111945157,0.003807141953960008,-0.0127554228880018,0.02610699006239328,0.014052230351418726,-0.08172996558629211,0.015092808637003418,0.08694151702554843
0,0.4090209047049226,0.2080102976029064,0.010070399797415502,0.0008049179171424614,-0.010124646970808726,0.09180776761313542,-0.08968919796797081,0.0641095227704091,0.014302773200209442,0.143467241334372
0,0.40490461067661143,0.20693618900794017,0.006189260686073145,0.0052865668764078,-0.008408916839251879,-0.11592153530733124,0.13329944997270443,0.05602390602089585,0.011703188436847308,0.18532464422432476
0,0.4016153654042274,0.20558178270478739,0.006122747563527098,0.0011883679360665256,-0.010846865238571812,-0.0077918686966246264,-0.12937120548610104,-0.05750215920802691,0.012512183725548694,0.14178899936277742
0,0.3984495382999994,0.20354942684953853,0.0069733228426072935,0.0029904863145039096,-0.0062644625875037385,0.018811243626253166,0.04805810815202319,0.12820335136868152,0.009839396900963894,0.13820109966306138
0,0.3941404983319359,0.20095342336163147,0.008506204469267753,0.005343173311796123,-0.004136849771067763,0.04186925321814608,0.06770736608540862,0.04443631545314905,0.010863633901290325,0.09116966555999068
0,0.389337349966708,0.19804291532709292,0.008986453619183321,0.0015935624912112034,-0.008037368574431492,0.012456181392520221,-0.11493744822231869,-0.11345276207461452,0.01216121226129974,0.1619793279437245
0,0.38472445935656086,0.1948462399283609,0.004784790260399574,0.0029874267111329733,-0.013319656046734907,-0.12919169005327016,0.037565253151854605,-0.15683353098273115,0.014464859950712524,0.20663590555296638
0,0.38196671874667154,0.19110574211147419,0.007328123682215235,0.0031330386209127703,-0.004498310835520214,0.06639383158685583,0.002020710001450321,0.30658110546318945,0.009151618877277033,0.31369443471111347
0,0.3790717202425309,0.18697613312676994,0.007240501212732439,0.004557385806938319,-0.00527641571307913,-0.008480580924310005,0.04642918906590571,-0.05916576510804447,0.01005162603672118,0.07568472508341217
0,0.3747336613127352,0.18290013595176535,0.009277436061778027,0.0034146413976727796,-0.006337342534516177,0.057341429871768296,-0.026016164597459757,-0.03761658881332999,0.011742763991278545,0.07334772085110881
0,0.3697717802530909,0.17924010593942644,0.008171960126258357,0.0026119219783667935,-0.005470778440472557,-0.030439703834383408,-0.016966488849607053,0.015971830366857648,0.010175091423224232,0.03833453636965618
0,0.3641666861340319,0.17614364723950873,0.005913898245410096,0.002376608583766593,-0.013871905415125452,-0.06174885362112151,-0.0037705300896717364,-0.25922857936195187,0.015266047971354096,0.266508150304443
0,0.35915579073000903,0.1735603352064417,0.0071363103653617616,0.003502884349080887,-0.006575812933450109,0.042216785616045194,0.03681759821217109,0.23836561651007346,0.010316900703677209,0.24485906080864434
0,0.3552831879019597,0.17139708121416547,0.005700366433016163,0.004740388415379965,-0.008329940863224194,-0.042753809970864254,0.042248351071403095,-0.04122901120168267,0.011151384424551878,0.07288787827852979
0,0.35146278410966436,0.16951705013721804,0.02771068997370074,0.032281298779306425,-0.007082039522898931,0.6604236817193861,0.8288678126866003,0.029821855147616233,0.04312910703343291,1.0602219736112357
0,0.34646425386748725,0.16777223583677975,0.009159255294556981,0.004410588918437819,-0.004865650751474049,-0.5536210905083415,-0.8382248147848763,0.04490757788129879,0.011270306535034287,1.0055515116233233
0,0.3411571453321378,0.16600011922092123,0.008662236158913317,0.003006214400976731,-0.0037677920339853066,-0.01162637855683385,-0.04702134061000765,0.04252425724070816,0.00991301755818017,0.064455345821608
0,0.336693858289822,0.16406145117260623,0.008815779400014018,0.004097002573525715,-0.00780348762017119,0.0042567534666725915,0.029299818279388906,-0.1088296750624296,0.012465866017062467,0.11278518287202115
0,0.33240412131401653,0.16193702056473847,0.006997941218512604,0.004351725667463058,-0.007541045386870504,-0.0541421764451937,0.004559966388883979,0.0023961235362746636,0.011170320635928736,0.05438667090097838
0,0.3272632347526513,0.15965276693534694,0.0084412245457708,0.0032207390099785738,-0.005508920699313968,0.04731480915436215,-0.039650125564910266,0.045308468293075166,0.010581854226639636,0.07657467545926304
0,0.32173138663035683,0.15718479291531517,0.008485532658756331,0.0032890813273135644,-0.007925459102260168,0.006665985289549814,-0.004458349850950449,-0.06941153622556132,0.012067941931501892,0.06987326816792225
0,0.3165248631199584,0.15457332069485227,0.008316685078399971,0.004463890676136298,-0.004071019103098761,-0.003206718820478238,0.031860175139266866,0.1208739089786788,0.010279434186742592,0.12504341516962938
0,0.3108456784853181,0.15176512233953748,0.008984453095950376,0.004047440404417291,-0.0036188817118201766,0.017372023193822028,-0.01602956671920827,-0.0015658009991456612,0.01049754619445842,0.023689363263312196
0,0.30478863999655426,0.14850112162767384,0.006949520847360988,0.003371702292806922,-0.005867456396924986,-0.06480550764965143,-0.02684811783347979,-0.06452682344584806,0.00970006499612453,0.09531152184778655
0,0.2990047246641109,0.14471911885272834,0.007463862097180113,0.003919350889770648,-0.006665201697828582,0.013821764734093828,0.011443156934606596,-0.019791258272425533,0.010746881523288739,0.026714807223720084
0,0.29400230069262057,0.14064820190839053,0.008630498895768487,0.005034969984451715,-0.004683819377097664,0.031103983707055305,0.03342329648635947,0.07443089015613072,0.011035152825922545,0.0873185659519088
0,0.2896627540132073,0.13636032709722762,0.0071421697028149905,0.004411901046544028,-0.003903346647721073,-0.05390633459060967,-0.017834580468695987,0.027120207845713423,0.009258054545128798,0.06292432632205011
0,0.2841629818041296,0.13169575045451906,0.009617794397907428,0.004974455337018582,-0.0024838720114563895,0.0655650792990374,0.01564880435028093,0.012632233881594235,0.011109311191505464,0.06858015772744863
0,0.27742056414057215,0.12657133638352216,0.00731915391136824,0.004817750871769277,-0.0019210757264878087,-0.07712285665820973,-0.005381679644700571,0.011277869772025523,0.00897057798514852,0.07812866209987034
0,0.2710605891352812,0.1212563120989201,0.006608421676226939,0.002913021251761308,-0.0029700753985434925,-0.02474237282655975,-0.05389316909053496,-0.01815534139646477,0.007808858926698085,0.06201834493866845
0,0.2658695560069142,0.11610629769377151,0.0070005115104976035,0.0039030824823332727,-0.0016515573577602916,0.009861825708330163,0.032611842117399814,0.05647599013020488,0.008183450126840052,0.06595699594264957
0,0.26038981290397034,0.11100368956706,0.006629875624340191,0.004691880043306257,-0.00418086037612625,-0.014504482136287605,0.02262642240491028,-0.09578194176728541,0.009135019574125623,0.09948123120266941
0,0.25369176619423384,0.10576107592421095,0.005892045921386993,0.00420515407643178,-0.0035817431960329937,-0.024372205675308983,-0.016058269691038823,0.0050594266996130954,0.008076410729314882,0.02962212405413321
0,0.24709667029034366,0.10055291902937104,0.010615346415550703,0.004303953704270794,-0.0032050684331452195,0.14370812038371206,0.0037785187425283806,0.023730719489344215,0.011894623183262065,0.14570328793678286
0,0.19462972786350985,0.060677133206870175,0.008541699700812866,0.006693376846893112,-0.0031672951625112133,-0.0004813607886423321,-0.0032758057227098986,-0.012700173032796719,0.011304586946892766,0.013124671668455493
1,0.49795153049324126,0.16800221073342264,0.009115507068875331,-0.007093336114018467,-0.014106959758046544,0.44653611881817257,-0.595907418598953,-0.11398574955741064,0.018232229703585335,0.7533212515604678
1,0.49324205371070895,0.16583222818141727,0.012321120519131215,-0.009266521439577638,-0.018049450661982602,0.10031451260396818,-0.06236213662371698,-0.14324829298216873,0.023737335563126127,0.18566666627467646
1,0.4875337427461748,0.16356880269322588,0.006381441350516923,-0.010989917855927095,-0.018678352019253275,-0.1665527212812279,-0.04901184437549219,-0.022889507364708572,0.0225916339016295,0.17511681644739005
1,0.4817675361660456,0.16071930931070674,0.008325408029172116,-0.010524678614069846,-0.013506945020870853,0.07359722240511217,0.01315648950186249,0.15686705786440372,0.019039927588583173,0.1737726048742849
1,0.47608851805455543,0.15704879554798085,0.008664026081508555,-0.011301062246263177,-0.01218122521890419,0.023470403278992705,-0.023537174116256943,0.040566364324072485,0.018739306381737902,0.05244509805435516
1,0.4706900243381582,0.15279284639434923,0.006336581269288988,-0.010030308824103634,-0.0134702247517835,-0.06013417670326249,0.04181198179385753,-0.03268445021655286,0.017950106187784965,0.08020370512181711
1,0.46505769165332667,0.14823777909911215,0.007041581184015197,-0.00807827188532842,-0.008363701577009441,0.02951128517645346,0.06332478276966266,0.14304796493411204,0.013593890035366428,0.15919693570349233
1,0.4590550245474403,0.14340805594629205,0.008406220049200705,-0.008261271211639817,-0.009188024975879339,0.05247076034902942,0.0037794787777265804,-0.025627384761337663,0.014944328037929147,0.0585169035505315
1,0.45282270963478743,0.1383899415416631,0.006579573630688951,-0.007307102014438058,-0.009793604617925333,-0.04472420934543539,0.04166780159639148,-0.022850168223258915,0.013878012120736548,0.06525787905902096
1,0.4464133190006414,0.13347080099088143,0.008676673407565783,-0.006573407532161485,-0.018082261227228613,0.06858284649665441,0.03530413896339139,-0.2490248520465592,0.021105983016556508,0.260697844253344
1,0.4400311433904194,0.1288183469407117,0.007305429056306642,-0.007226246344222517,-0.012416937036570597,-0.03667158175932603,-0.009649157816272541,0.17095377159627811,0.016117327796327692,0.17510883238228359
1,0.4334922688527161,0.12434831804844865,0.0069517513844745,-0.008554679804751941,-0.012497593363027193,-0.004509019891636934,-0.03017333017229734,-0.006904017656775757,0.01666431017897096,0.03127981096289934
1,0.42688049016577145,0.12017388088224583,0.0067346128539060995,-0.007789491457743797,-0.014336849766335924,-0.0021215419608076047,0.03657692368031856,-0.053442877416122886,0.017651528225191927,0.06479593685349455
1,0.4204100753443236,0.11672833434751778,0.0033927805745912892,-0.0074762691031579065,-0.010824069435070638,-0.10152254362250851,0.022593513409121746,0.10739709009271572,0.013585508413945645,0.14950394199530395
1,0.414281554610182,0.11426925031926362,0.0074794834501916985,-0.009621932084779211,-0.013676466395885434,0.11932006490428981,-0.05570875763078456,-0.0790425398002953,0.018318569343799166,0.15358537255744995
1,0.40822707946870884,0.11259611145721389,0.004642203484071378,-0.006438137211510847,-0.015111007227265716,-0.08675952402403994,0.0991101610394326,-0.04634161121417432,0.01706874932044647,0.1396337493590497
1,0.4018966817397174,0.1115221604046117,0.008100032299004148,-0.004808627111325375,-0.00798773236371586,0.10045656912870202,0.05066872379376047,0.20983024714504206,0.012350598619299293,0.23809152540346226
1,0.39559464060618954,0.11097887191539811,0.005075310437704303,-0.007499233175384742,-0.006275431323563507,-0.09559701585923497,-0.08262750748775277,0.05502610409808342,0.011017182605122936,0.13781860022160497
1,0.3899003649404418,0.11078113391494739,0.0037435952310209963,-0.0101940683356892,-0.009431173318380726,-0.04355381334035946,-0.08265098336859908,-0.08332846320014031,0.014383343305635196,0.12518687026833306
1,0.38440406581115627,0.11096402266573581,0.00617517478696486,-0.00867113399652078,-0.011505333732450995,0.06708388500189266,0.04646580661832317,-0.06647766038931521,0.015674630864242377,0.10525491980176363
1,0.3785024269816377,0.11170382625476524,0.0065874546527218,-0.010182714398405485,-0.008267558184725243,0.0012567422239539716,-0.04564436275469433,0.0908681302957644,0.014677695652212504,0.10169564570692106
1,0.372408637498849,0.11290829877874935,0.0033320588152899178,-0.01026734231000867,-0.00637129232956557,-0.11117445657151079,-0.006595657926278475,0.05724419932684824,0.012534524323173438,0.1252204490250021
1,0.3666615558285615,0.11429947694310925,0.0049769632510971995,-0.008472712102822536,-0.009549292951722521,0.03873894421570266,0.04820233729616791,-0.08741812702509533,0.013702043988321776,0.10707987697199023
1,0.36143315199725023,0.11548638774654643,0.004453604980719034,-0.007340332572867675,-0.008565882845429806,-0.01888016528416106,0.02501353084254654,0.035453938381647954,0.012128043062514917,0.04731933128371488
1,0.3558612212944682,0.1161548832683611,0.00463331365842512,-0.008513010957870187,-0.008256598413527327,0.0051148209646849074,-0.042705692909565246,-0.00332636406914405,0.012732257002920912,0.04313933585844089
1,0.3498633978333655,0.11638306826413436,0.004368290117152916,-0.007075517262423461,-0.006948147207682609,-0.008543296093422414,0.03808353907285408,0.03915615229804542,0.010836127200162237,0.05528605718661097
1,0.3440865656127454,0.1162723415788432,0.004056165907779512,-0.006816280473749214,-0.006805364280835724,-0.007221934892962051,0.0030966097242303703,0.009500014639869353,0.010451179089611006,0.012328650110215347
1,0.338172679487841,0.11578280299040591,0.004150180319659462,-0.005571984155954543,-0.007186049385604798,0.007535704179772132,0.03396126742034086,-0.018675818007350464,0.009995514488621796,0.03948342311052344
1,0.3319071711339745,0.1150436080488491,0.0035185380209289963,-0.008501578808200363,-0.0053215137110620425,-0.014318175723414817,-0.08778367392463593,0.053386543277518406,0.010628991495611697,0.10373575356103476
1,0.32567310703563945,0.11424180974493167,0.0035624989643699492,-0.007585750440970929,-0.004867513143092805,0.006328786675491929,0.02751625137346958,0.016330420849364424,0.009691630039472657,0.03261717761470491
1,0.3200601987499533,0.11325536987064215,0.0035225012479859555,-0.008570828651676882,-0.008451301616316242,0.004337928659428253,-0.03300132774507933,-0.09514500225216879,0.012541595505692945,0.10079919003423408
1,0.3148461414882264,0.11197908588980715,0.005067828100181131,-0.008845466639664554,-0.0050966986439196504,0.04931323323325129,-0.010941386518370677,0.10035203639344559,0.011397433868785395,0.1123478532023325
1,0.3095370359306243,0.11061275609155287,0.0033265986909438543,-0.007334324080486815,-0.0067597286991720185,-0.04968870887247298,0.04605733094982664,-0.05188110858457681,0.010514394925748603,0.08533401989593531
1,0.3037999702949964,0.10935738060252599,0.000938512945240895,-0.00819842712290976,-0.006558270655077247,-0.0711269757927562,-0.025491900045217897,-0.0023821668446266653,0.010540679666098125,0.07559469804301322
1,0.29810285797592817,0.10810120517164278,0.0024649477046522553,-0.006223701132645143,-0.0019131208398478483,0.048466555767903985,0.05622674733013658,0.14680208308616824,0.006962072559448012,0.16450320891024775
1,0.2923114675844869,0.10666208851405039,0.0009002812780904215,-0.008637388808210439,-0.005218081015094245,-0.03937765018147005,-0.0745899306263367,-0.1072061441090931,0.010131306000904623,0.1364089968418344
1,0.28637870973764834,0.10519105201941788,0.0027556239105448466,-0.007231960557816386,-0.0058313427741947255,0.06592341244492338,0.04350319664577823,-0.01544837584884104,0.009690163837434916,0.08048028791668047
1,0.2803684943121514,0.10395246451569225,0.0006430210668923117,-0.0063312693083780736,-0.003885061113835242,-0.056347708358580134,0.02824338652285141,0.0543730509785576,0.007456014150061159,0.08324170704796731
1,0.27465329897528745,0.10295017586907762,0.0003350842509217099,0.034897851208288116,-0.0044171199455699806,-0.007575637158379528,1.2353485340378916,-0.005928089717171625,0.0351778801098728,1.235385985461879
1,0.26896617877034645,0.10214112838302784,0.0020931335262166072,-0.007014088295208734,-0.005852877065243789,0.05122269741943533,-1.2573597702690893,-0.05022209630506705,0.00937202286128309,1.2594044686197265
1,0.26336262073703964,0.10173553657958742,0.0025124982149676055,-0.007498623394989912,-0.007037883424350855,0.003984965841331151,-0.010028057575938332,-0.028209833165530496,0.010586491543228944,0.030203254439380774
2,0.49858528345195263,0.19270914952229742,-0.0004212612413064046,-0.002559881867439079,-0.012711213843717872,-0.3657047316737789,-0.5191503288334697,-0.057334100421740905,0.012973257632121366,0.6376081976948388
2,0.4950609897890924,0.1939252819786331,-0.00270679153631366,-0.001784074247266898,-0.017149824300315863,-0.06408495736046363,0.018942400239786744,-0.1568045899105642,0.01745354161402564,0.17045050807714515
2,0.49002411251497735,0.19502186014692233,-0.0010349363313093968,-0.0038834853352637533,-0.021465506892903274,0.06160156376760001,-0.07411315156283166,-0.14669375451652364,0.021838510428331664,0.17551800337100193
2,0.4840232065576213,0.19554395080425246,-0.002381940365702759,-0.0008379361648014338,-0.009167557746356192,-0.024846825020702568,0.07580601648998765,0.3596865693830459,0.009508937477700742,0.36842685168732525
2,0.4778188705297256,0.1951851004218882,-7.674750341453429e-05,-0.002646158811632132,-0.011330428914114066,0.08500905192562204,-0.07037704529913458,-0.062258113720383895,0.011635577596898693,0.1267104578886439
2,0.4728234019333344,0.19388523151455528,-0.00027506998630192486,-0.0027203617786020207,-0.012748035115345946,0.0078029022244599094,-0.01655516634462939,-0.01615127202667012,0.013037961152186956,0.02440947365066129
2,0.4680002134889246,0.19181835572546682,-0.0016559102300064792,-0.003893224751259333,-0.0173508413079414,-0.03104905798820607,-0.04642632797770033,-0.15467158317359142,0.017859197399296086,0.1644467894878863
2,0.46187713255817897,0.18893009915748102,-0.0018983105726523425,-0.0015702482976838184,-0.01634927118637447,0.006031507743293807,0.055056754055331114,0.012423500931636605,0.016533841993687886,0.05676238744243416
2,0.45501795530813394,0.18498138192115826,0.00047084493056790896,-0.0017144557233722824,-0.012457684359767351,0.08548699137254286,-0.02080396856525213,0.11339913495564566,0.012583916440585482,0.1435276789009073
2,0.44884278950441137,0.17995358777465612,-0.0021854197719606977,-0.0022510129722529415,-0.017472667966553224,-0.06864899063766385,-0.029715036766242153,-0.13148879031312102,0.01775210536388129,0.15127778853353552
2,0.44420858241512196,0.1742589272735235,-7.312514609921286e-05,0.00030762838580489227,-0.002963027503368132,0.06524153057571991,0.07194915525248524,0.45666926059432594,0.0029798514218767587,0.46688323146711663
2,0.44011338040267944,0.16838032778278436,-0.0030335407854776737,0.00011193385568994407,-0.01223035413063217,-0.09146894775000808,-0.006713390014680964,-0.28207526405139294,0.012601446783837065,0.2966110122663115
2,0.43481469112571436,0.16243753925341234,0.00038097514859882983,-0.0012789040971680488,-0.01303662938098632,0.09954405934816944,-0.0425834328424009,-0.049104093941488874,0.01310474888621674,0.11888473638768651
2,0.4292535407756968,0.15647198601865048,-0.0035365412075257507,0.0015269876764314738,-0.010129713171727617,-0.12302292393541889,0.0868053722632397,0.10042484094135498,0.010837430692649122,0.1809833173126074
2,0.42422143831913806,0.1508558734243032,0.0012465747488897422,0.0005545071165248272,-0.010658056020322548,0.14060009773321447,-0.019616054011588946,-0.01388809671212679,0.010745026052978184,0.1426396028032202
2,0.4189508618002583,0.1460307188502312,-0.002140088386921521,0.0013493965361413562,-0.00754919557367395,-0.10172011166394859,0.03608929523710186,0.08612676877634237,0.007961859275644415,0.13808417232793344
2,0.41296453557116186,0.142099843057524,0.0013197195057411716,-0.0013931440773359283,-0.00924046344017243,0.10262080370959387,-0.07147251528849635,-0.06181769320300273,0.009437620175828927,0.13950188883526957
2,0.40708713146675124,0.13888109563781664,-0.00023948941203507518,0.0017164910155938462,-0.012780754049053433,-0.052270492825227395,0.10172750531637204,-0.0950233636724491,0.012897727344283839,0.1486947524350176
2,0.4013192376741527,0.13613698810541974,-0.0033287932216722257,0.0013081016391720546,-0.009370256198954041,-0.09729372170647066,-0.005264641502712858,0.09619360863313614,0.010029640843275107,0.1369196665038051
2,0.39517162152938967,0.13384168553869233,0.0007580881080931461,0.0007305003901272866,-0.009284329038848793,0.12136784138126575,-0.011201257444835105,-0.0014778344562209889,0.00934382652349771,0.12189259651255915
2,0.3887309225198936,0.13188010534266023,-0.0009393307439141269,-0.00016604828206698286,-0.010074372505764706,-0.05211539191686324,-0.024494854436735325,-0.02735892653997768,0.010119431587957275,0.06375361032871003
2,0.3825772569046083,0.12999542884588428,-0.003967832741589163,0.0020966727085129644,-0.01080546264691773,-0.09558715808444833,0.06901741738707134,-0.01242206988305336,0.011700331453671916,0.11855216789929231
2,0.3765820201641096,0.12817011217957347,-0.004151939781514451,-0.0001436413377382123,-0.009612313962549857,-0.0090914893129041,-0.06419560804053528,0.032105917713246446,0.010471667321771658,0.0723499911667613
2,0.37031874252293207,0.1265187847833118,0.00018079090183355587,0.0020622419985100032,-0.01025286497442951,0.130159902094844,0.06791295166457204,-0.022583568798153486,0.010459769002921993,0.14853883901793094
2,0.36389274933452487,0.12489117575964724,-0.002840553936026495,-0.0003182279886171091,-0.011528896495681895,-0.09019444166052573,-0.07378546023452551,-0.03947006575231063,0.011877940483280811,0.12303340009512234
2,0.35778826049411816,0.12304472657269325,-0.0007890754189995852,3.679849464044427e-05,-0.007840687580052297,0.05872067035387869,0.008073365678807731,0.11906632172131693,0.007880379170703876,0.13300408011950907
2,0.3517825157540383,0.12108112770371382,-0.004691097106152446,0.002077766816858645,-0.004159181645000121,-0.11878857730554489,0.0623699329356564,0.10621126898083103,0.0066047179319556615,0.17111857962007554
2,0.34549774815797496,0.11923410788823291,-0.0031684273321915396,-0.00027726809539167785,-0.005803723759360446,0.04772554180645437,-0.06925303214017958,-0.05255956852099797,0.006618082715640949,0.09917770941316326
2,0.3389455525280394,0.1174521528205312,-0.0012445661976472587,9.48576669484863e-05,-0.00517107147601481,0.060054493352428684,0.00949718531598015,0.015247793660322528,0.00531957923217232,0.06268360162156242
2,0.33267050686789434,0.11550679341115898,-0.0008384639402645999,0.0010563538055483324,-0.007743535822381575,0.011688299173249574,0.02575635433835438,-0.06780742913384055,0.007860105099432652,0.07347008623995933
2,0.3264597338262859,0.11340484579163727,0.001300250722704538,0.031399242893534934,-0.005530896537771224,0.06480899127145398,0.9095451397054607,0.06060052135244981,0.031909151081478605,0.9138626755151116
2,0.3200343656071548,0.11126710298233893,-0.0005887983121365681,0.001999315449304609,-0.008296544842045728,-0.05184981938380598,-0.8839533229942289,-0.08352871178479954,0.00855433235467728,0.8894036916356379
2,0.31363055974978404,0.10893109716241584,-0.001856868102566439,-5.912727266491058e-05,-0.004889509674799397,-0.03261770302900199,-0.06781430953979359,0.10311771604695791,0.005230560203712255,0.1276556245998904
2,0.3074823723443215,0.106164062239513,-0.005855281999711821,0.0029233012569643974,-0.00480277001171775,-0.11736630269918749,0.08329178588337546,0.007904917233376385,0.008117673146941444,0.14413486157549082
2,0.30135606901337675,0.10308866448439069,-0.0012341792652011303,0.00018076942527701922,-0.004284634733936199,0.14208081132538428,-0.08447910529567862,0.01193808825471565,0.004462507237755465,0.16572927963885917
2,0.2949673702800413,0.0999483026296828,-0.002027991432290859,0.003604976153428252,-0.006078914441440042,-0.01639620528509904,0.10088492153332626,-0.057207334459261794,0.007352673194327338,0.11712933900808263
2,0.2883616856475052,0.09672035854484246,-0.0026500614474736853,0.004327413554786774,-0.006181733741162987,-0.010717278321101233,0.01734725667881573,-0.005515756860929338,0.007997697530925482,0.02112370570334553
2,0.2819238700214325,0.09331846878530829,-0.0015383548086876156,0.0020407477889170106,-0.006142095577682083,0.037814936624473494,-0.07165475254051476,0.007076232050084397,0.006652557789359201,0.0813292447621518
2,0.27609086935048577,0.08994631599624411,-0.0031271647045178277,0.0012990537512191092,-0.00446725481796123,-0.046616511692783524,-0.02023776788065393,0.05977465235259291,0.005605628006417866,0.07845811286965798
2,0.2701908193296202,0.08685222798102969,-0.0038336551908188868,0.002795164113446588,-0.00489224146212891,-0.020946065866363273,0.04777534652326593,-0.021717163157591673,0.00681497476642177,0.05650536776545768
2,0.26443652328363365,0.08399115058086375,-0.00352155479219482,-8.577592972944248e-06,-0.003385594724149399,0.007205128857120699,-0.08276104727650718,0.055567071290165776,0.0048850458918744824,0.09994500607793436
2,0.2583897570367364,0.08127153503169493,0.009509618156803061,0.035820942945824434,-0.0031443332934499857,0.39010445185564824,1.0764181943071829,-0.0076358308792439655,0.03719488705288008,1.1449523650817741
2,0.2515424096967852,0.07870536881119952,-0.0037716971499212534,0.004109171966834038,-0.003331282310004069,-0.3960436964153526,-0.9522164243190958,-0.012732301273702673,0.006496801941931497,1.031372308969513
2,0.24485779742621872,0.07613839452511764,-0.0019746794701690287,0.00387497222644613,-0.0038635809225710804,0.05608241539859207,-0.011780297209243284,-0.006651435101668823,0.005817389991301178,0.057691024502864
2,0.23888037997630696,0.07338376173508075,-0.0030870346045746774,0.00039786718331676074,-0.004188060596278936,-0.03525522524561572,-0.10842199874943276,-0.0004701465923620807,0.005218039143539096,0.1140108843828492
2,0.23282793403206703,0.07054392905054081,-0.0022671892553307454,0.001143102069299906,-0.0036961969758383673,0.02279860803148402,0.022293352858858473,0.005819017551178474,0.004484272688465945,0.03241343972989822
2,0.22607042683522904,0.06785679585393786,-0.005843485157779174,0.0021292460429816404,-0.0027217283177715934,-0.10614327423916786,0.029366315955825423,0.019734286646510224,0.0067888005226621785,0.11188483922531771
2,0.21958317948361072,0.06529774210021955,-0.004893327156008376,0.003655408699614171,-0.0023126646823195818,0.02899160198857001,0.041745955501603704,0.025939244162671182,0.006531085771125067,0.057062090518453706
2,0.2138560539922374,0.06266252827720786,-0.0031414361462142534,0.0007198390007018066,-0.002319890428207877,0.048948771968433544,-0.09161898973140427,0.006879990479840448,0.003970979834570224,0.10410262160783253
2,0.20801061757067563,0.05998340535461588,-0.006280344476219606,0.0024951218352541812,-0.0018802499545058637,-0.09752483197209594,0.053133385997359645,0.004931529865600165,0.007014534881527328,0.11116910337654642
2,0.20150022995277472,0.057462941176389615,-0.0038063664541872835,0.0034725416454895602,-0.0015115017984718981,0.07378625661510518,0.028399643649737655,0.001976000207009221,0.00536950730980091,0.07908764759126635
3,0.5015972898366012,0.17245708743791308,-0.011424420837882004,-0.0032145613217917646,-0.012619811835640204,-0.3537527897284948,0.07487452068893444,0.4995232337180718,0.017323696105033613,0.6166609206956848
3,0.5023782561073222,0.17485070015020568,0.0077873064499549005,0.007136610785272765,-0.01729090332816241,0.5807611076818342,0.3084667391341168,-0.18820096006839943,0.020262001212857497,0.6839991189457291
3,0.5002979672303141,0.17713815828451251,0.004385985071151288,0.0068873271267625435,-0.011899671593018524,-0.09022890145923765,-0.013670751036949633,0.13213177764126754,0.01443171244229503,0.16058315837937814
3,0.4962214426201007,0.17892356543277618,0.004500221215998357,0.005165590612755011,-0.0063872242393580025,0.019581399461764612,-0.05898640430074614,0.14173608497920928,0.009366533555982536,0.15476415890782308
3,0.491650976364168,0.17979491187135765,0.005097721035728475,0.0067772778727204636,-0.009401066608945352,0.037876864460369725,0.043065544911030984,-0.08340170648629563,0.012660896828740146,0.1012182921445499
3,0.48858123776385587,0.17944034645651885,0.005701041883935887,0.009496779180038176,-0.015601707157907208,0.036574483704245375,0.08366027188676303,-0.15631081012905768,0.019133843304414585,0.18102431691240142
3,0.48573684419964724,0.17801269956623617,0.007646254477880421,0.008167011881932792,-0.018255645359743666,0.07040206653862649,-0.036182866846657835,-0.09745873420909847,0.021411069056001576,0.12555419427399414
3,0.48074351304186447,0.17573493750719754,0.006878342355610412,0.006897059381291565,-0.016175842736389723,-0.011517758299005781,-0.03664598811354616,0.02612418929948812,0.01888223794740598,0.04645492942205351
3,0.47426835660874467,0.17257544696897514,0.005440437870016218,0.005626611544065234,-0.015504548978024835,-0.029698013163858533,-0.04095348639454377,0.013851290584390469,0.01736802120845336,0.05245015047263468
3,0.4682580668814227,0.1686560565218136,0.006244707482739337,0.007725974520025797,-0.013153291774677278,0.034041660276130314,0.05864207314602435,0.0864136944706334,0.016483207768479453,0.10984103954935567
3,0.46275889577932683,0.1642822453634778,0.006406563504209761,0.009091092901286152,-0.017069690191010234,0.010172704632951501,0.03952545460256032,-0.11786979062764016,0.02037317720166295,0.12473585300021826
3,0.45659162062086867,0.15961321450519986,0.004941373365925622,0.0043422780338617795,-0.012616925481574337,-0.03969604385130271,-0.14488684816544806,0.11829220490085215,0.01422882138029842,0.19120936276518297
3,0.4503464877891944,0.1548149873787757,0.0047007216678991715,0.007601098270615968,-0.009674607911306088,-0.006287902265447731,0.09049897842591027,0.09831194007741464,0.013170858641566394,0.13377159778076347
3,0.4461301527685374,0.1504013314950304,-0.013580910397160306,0.0010407321413276188,-0.01497809064631872,-0.5559964099983236,-0.2055947489336577,-0.11964933272600993,0.020245183378152683,0.6047455428044899
3,0.44320118226561234,0.14670944851726173,0.007076746682088991,0.005033691619637751,-0.011876088164345489,0.6114204137377407,0.11646385479735545,0.09242885331199925,0.014712575063916442,0.6292390998134656
3,0.4387966157814952,0.1435738818957412,0.004856588959936126,0.005379622801379699,-0.009093144506982176,-0.07167382366732017,0.007740760728928278,0.049584738682054486,0.01162807270512865,0.08749687243510053
3,0.4330914037968201,0.14093696056775254,0.004709612707147065,0.004922223867948945,-0.009019542998443764,-0.010551776783420064,-0.01988716498983123,-0.001814468823201576,0.011303136536302803,0.022586093547363656
3,0.4286557381462208,0.1390755279955562,0.004655969870333204,0.006489301346816162,-0.012076819702935504,-0.012656321748878624,0.040849266854073946,-0.058988893376470106,0.014478904017240111,0.0728596913561061
3,0.42555417768330017,0.13800290210717805,-0.012552402894312448,-0.00040462170494361127,-0.015659882919123902,-0.523770981147731,-0.20660157002791918,-0.10174889875238147,0.020073825499538536,0.5721652626888323
3,0.4212619455621862,0.13726734153790077,-0.016884471887372507,-0.003797890550520655,-0.011466640070085243,-0.13179145804592318,-0.10027721362033955,0.0935920320713754,0.020760375672084816,0.1902208622958557
3,0.41539618259568645,0.1365951603083378,0.006584535481541948,0.005896454968283872,-0.015123648832738645,0.7033592606211065,0.29026695947608194,-0.12137103474978939,0.01751710714463668,0.7705193607828382
3,0.410185192431644,0.13610124090785145,0.003190327746869004,0.007362187017287726,-0.01199749870073552,-0.10404004480155235,0.03712963181574751,0.1180520782403724,0.014433293591003846,0.16167632373960325
3,0.4051816860802312,0.1358617205364494,0.0038056985401700716,0.00727755922298183,-0.013416590783265292,0.01934206157877727,-0.008752570170315152,-0.05659440571167784,0.015730579069705593,0.06044542653138859
3,0.39920976571754097,0.1355490166685584,0.0026127170168924463,0.006794349238606584,-0.007867088691108581,-0.0293825266990885,-0.01875081216615103,0.15475306432721783,0.010718234754859671,0.1586298734500439
3,0.39259491059437235,0.13481748041517902,0.004070057414242656,0.002833828603269549,-0.01146979073660559,0.05267808201217436,-0.12427357825466605,-0.11400122302787377,0.012496081443775231,0.1766781860574502
3,0.3862186924648702,0.13367727890301434,0.0042230549906866754,0.007743962839239456,-0.007772319908926684,0.01206456636907871,0.13760025177750948,0.12110647030835528,0.011756364687971504,0.18370127980353443
3,0.38149535246926547,0.13250635412308295,0.003736182284144768,0.007175006816055068,-0.01222980975161736,-0.01259333154148684,-0.027205250469200012,-0.1029980303372866,0.014663152029203985,0.10727213946671488
3,0.3770322993984435,0.13157113095404008,0.003248848525639475,0.00710550064792545,-0.008909191700659902,-0.014183304758661669,-0.005518289926252445,0.08184579099155065,0.011849761725846054,0.08324873068473684
3,0.37123449777687234,0.13076765320218156,0.0027389414589194805,0.0035247167629349763,-0.010168975133871161,-0.01285416456858357,-0.11010893971969302,-0.05511752681945589,0.011105560942500509,0.12380286715437837
3,0.3651348102300336,0.13006210283541775,-0.00010772703557740404,0.008959809538661531,-0.010342455500985281,-0.08357484639496143,0.1577636435824709,0.0012193308999396135,0.013684157916113989,0.178537416118308
3,0.36014208130880876,0.12971229329426945,0.002417159612830899,0.006978998134279546,-0.0042869560548231544,0.07271483358963138,-0.062470746868691,0.20250750495097342,0.00853973464272533,0.22405207162570126
3,0.35590529069315857,0.1297653634355229,0.001909248352966561,0.006701724723393546,-0.00974489668393591,-0.017931912056837862,-0.004703347630243798,-0.16233107065225166,0.011980039854776567,0.16338620335894768
3,0.35065388520990615,0.12989867542654043,-0.00015055806854576137,0.005148664455479665,-0.005360250797589616,-0.06159258188713798,-0.04142592875230364,0.10677400495947992,0.007433956014141062,0.1300401547661405
3,0.34457251873425,0.129922750517018,0.0022493076191282685,0.005794640298970935,-0.007503526164446661,0.07138729714347025,0.024814075625077647,-0.06439190503195649,0.009743723408454393,0.09928847856736296
3,0.33949852996435836,0.12993842350597637,0.0017710902344540008,0.007358756227875893,-0.007909204985606488,-0.019880908996899427,0.05460899620322629,0.011312266400017451,0.010947309137145214,0.05920608397767871
3,0.33539612618878545,0.12993864432250415,-4.824425997143611e-05,0.008072445607154963,-0.005324585470897314,-0.059851833054107434,0.03427479087102314,0.08176388646295354,0.009670466174181389,0.10696885686364922
3,0.3311178238359087,0.12946681046351705,0.0006236267569057763,0.006269485977436609,-0.003882453694874277,0.01826370801099894,-0.03449789906311221,0.03557764248738243,0.007400595344027804,0.05281511824316693
3,0.3203385278800355,0.1258097258420453,0.00015122377799992037,0.0052779636200876445,-0.004963495219634295,-0.01849329472362285,0.03661535167177049,-0.016410432488030396,0.007246796078359991,0.04418131077985811
3,0.3145781088575038,0.12288581215452792,-0.00032571754666751995,0.00703618833035094,-0.004731716000984876,-0.01982344411091519,0.07027483716024693,-0.0013258827847959787,0.008485468428693266,0.07302930671639174
3,0.308023526429144,0.11952598697900065,-0.0005553317469030594,0.006740749867765947,-0.00649256266846121,-0.008529635963352183,0.005462913677091313,-0.06477342749224838,0.00937547183520921,0.06556062099007468
3,0.301149442353306,0.11575803538073208,0.00032184902382427494,0.0031371795885943854,-0.005958674638101125,0.027554015126120768,-0.09756090687998964,0.017993262677119926,0.006741756893271919,0.10296170065895541
3,0.294586297457444,0.11178302289016799,0.0023754558860482194,0.0066584891893646525,-0.004884352968253736,0.06211269834790206,0.11106362727029828,0.03803683621681353,0.008592739543936856,0.1328153511755246
3,0.28907265058305653,0.1080378010767744,0.0009574485316021369,0.006362878279104846,-0.004020951131825101,-0.04388629814691192,-0.011505777946591106,0.04584485750496778,0.007587553999142075,0.06449915542739074
3,0.2834597043381487,0.10480830404773073,0.0003666110002221584,0.004541586309271602,-0.004135876525840576,-0.016926155945288374,-0.059746936715467935,-0.021289972254843054,0.0061535261815520255,0.0656464326569109
3,0.27693379853414324,0.10189219965003508,-0.0022732113206036797,0.005504689233179594,-0.005361795732141239,-0.07354345803236759,0.02299710698705912,-0.04426115107377557,0.008013610093784953,0.08886257166832637
3,0.27034332609912404,0.09900514449742895,0.00033570631117578464,0.005234057728308893,-0.004400589102179608,0.08573576778705189,-0.01898031368224945,0.0330154525423961,0.006846403689299604,0.09381308166823579
3,0.25253987556062174,0.09096150051429704,-0.002574664981175409,0.004784588101417707,-0.003609739152533542,-0.014969661743307938,-0.07151459788093498,0.0016999946405460986,0.006523143399838183,0.07308432434221973
3,0.2471482855230378,0.08872633701329317,0.0004460022877427472,0.003944854297482734,-0.005108841600068581,0.08806075466345006,-0.042413588591785754,-0.027266182217723006,0.006470012052819613,0.10147439924365
3,0.24199192884186393,0.0870011050071531,-0.001007974513262816,0.004005685037600709,-0.0037403205577839493,-0.04702821658331127,-0.008458286438983269,0.032865621609619367,0.005572389354202274,0.057994351865310136
3,0.23592961357933517,0.08569006112402204,-0.0015107924099206221,0.0037984753553082437,-0.003324284729277094,-0.015847960785826565,-0.014532198406566513,-0.002230737126384802,0.005268944646896827,0.021617558597675696
3,0.22932865452422135,0.0845957830109767,-0.001725233452678776,0.0023944880342877395,-0.003344205385700516,-0.0051540982279981995,-0.04628399589986963,-0.0016436913112742035,0.004460236885450977,0.04659908503532834
3,0.22338279655128324,0.08354906219092091,0.00014950376286533562,0.006596436709933526,-0.002796495728755982,0.05593520711409558,0.13012926049911938,0.032484720645253595,0.007166290323746309,0.14531905899896477
4,0.4984082464112557,0.13325321929051517,-0.003923329673836476,0.014353887412300328,-0.016096765113273848,0.004491448664602854,0.18334803331930505,-0.16302913742641212,0.02192105030983939,0.24538780345233893
4,0.4953880215326688,0.14038065975878042,0.0043978901762710965,0.003943556559389494,-0.01615598209184732,0.2547979939942073,-0.3172905268157711,-0.006345135213202721,0.017202000863031516,0.40698348478946345
4,0.4913436326335775,0.14677486632321202,0.004982643235601519,0.004263839888657556,-0.013030537940397102,0.028831348101800658,-0.001367286539237289,0.07309290461003193,0.014587733998997966,0.07858555089950577
4,0.4859071489117821,0.1518198239125909,0.003927849960183749,0.0034828944348356955,-0.01001828313882308,-0.01652536970798099,-0.038604154628854775,0.07379440828680708,0.011310373822449538,0.08490573180294701
4,0.47983952879468283,0.15516051135313846,0.007526279802619745,0.004035145931848477,-0.015899658760662516,0.12416872879746224,-6.758414349397612e-05,-0.17812694826539133,0.018047892925883276,0.21713380086282186
4,0.47463157582133053,0.1567820062018238,0.005986251915872556,0.004924290035754383,-0.011596915516496442,-0.031403786282934,0.01114138091016928,0.15065896307960536,0.01394891730039553,0.15429987465228728
4,0.4698855534801325,0.15699247592685223,0.007586674052307271,0.0012547298283575314,-0.015801705861276383,0.06007796697129675,-0.12256065236235772,-0.13215875288235876,0.017573442413039594,0.18999055657140249
4,0.4642726381802691,0.15599021000245097,0.00643051502930099,0.0027455640337982895,-0.015732270171681217,-0.022634036999509693,0.03514267990984732,-0.01337925948011634,0.01721609625206955,0.043889772913259
4,0.45855616958905276,0.15393730207615372,0.0057917559608164915,0.0032621897026729046,-0.012877462719253552,-0.008295816217412127,0.009282709837113073,0.09545877717666401,0.014491906874239966,0.09626716682595943
4,0.4528701836520188,0.15127230195971392,0.004558215576690547,0.005311789347626009,-0.008373906420936938,-0.033249986356999855,0.057280229868815896,0.1282582311365607,0.010913970132987645,0.14434943775728568
4,0.4464204440616645,0.14829519625658316,0.007223267595306518,0.006954278358647842,-0.013961196024419864,0.07966526980554903,0.04400617753834063,-0.18011084845940503,0.017188734004435578,0.20179944649947293
4,0.4403953622540995,0.1451803586135315,0.00614329887057026,0.004966887343187301,-0.00810700486699728,-0.039446590646512764,-0.06386566422259007,0.19520870223722067,0.01131961213145493,0.20914419429992803
4,0.4349943113547574,0.14232800565532605,0.007594608662089053,0.00421232877146481,-0.01608352717904271,0.03543231163229649,-0.021143264202591494,-0.23997408811624926,0.018278447443045975,0.243495481058631
4,0.4288438459857694,0.1399437451823063,0.004712045094520792,0.002818341273683106,-0.01629408328456966,-0.09234843718882949,-0.039383809815287996,-0.023247455836926112,0.01719428877831926,0.10305223204606385
4,0.4222938891136936,0.1379830212952889,0.006144567657812641,0.0042969460434071766,-0.007375113229466712,0.0356640604431846,0.04524793528590629,0.2714167072309621,0.010517212185215464,0.2774641054605631
4,0.4163195641364059,0.13639440294689703,-0.006138121771468996,0.019610522224247626,-0.013032838810911995,-0.37277462586064436,0.4623035518023956,-0.15926882112784926,0.024333187383906486,0.6148593766692579
4,0.4106145211021811,0.1351983196121183,0.005616039640493883,0.0034598297628897906,-0.005842712401919359,0.3528357632783637,-0.4780342923062312,0.21381099691966574,0.008811788209172925,0.6314467537906313
4,0.4042965124606812,0.13442340034080644,0.0033749824407455636,0.003287899846407344,-0.007905346145228975,-0.06678055309579531,0.0008435048419503377,-0.07467888912054887,0.009203004376356285,0.10018627776536047
4,0.3977882752511941,0.13404503580274552,0.00625043969462287,0.004290482249447156,-0.011430506450237243,0.08378903599242646,0.03373713607693199,-0.10022602991984153,0.01371614785637183,0.13492239983303933
4,0.3922083438850136,0.13403409952261358,0.0020120022089783057,0.003936985216890759,-0.004864024778934661,-0.12832163524449483,-0.006263304340095505,0.21434164061860067,0.00657318359222077,0.2498959982795867
4,0.3871717544115223,0.13434571313319477,0.004307879144197377,0.0038583660931101743,-0.007794494351077819,0.0725356948437299,0.002897341746887161,-0.08876469331043513,0.009705614551302612,0.11466905595737922
4,0.38119660865386795,0.13484671488159997,0.002842596288643251,0.005814788469683543,-0.0076107622165237365,-0.03990210903390251,0.0609798446810747,-0.015682784471660133,0.0099907867620042,0.07454307138471009
4,0.37458056878571644,0.13531003472453432,0.00457553254145316,0.0064108698732010805,-0.010725610296129229,0.05304054299834164,0.01489129067112277,-0.09191571370524562,0.013306895460378705,0.10716131841926672
4,0.3685915938767803,0.13558209984467767,0.002637449543889399,0.004584790555364038,-0.006765616630079907,-0.06364858389529537,-0.06027333543505736,0.13217276258915067,0.008587782770793138,0.15859904276757594
4,0.3628962992438334,0.13576527376196065,0.0033365355686772735,0.004464119037561415,-0.007345277086721613,0.01399481601089618,-0.007118088323618599,-0.02093050514422823,0.009220299553880252,0.026165016761971235
4,0.3567080132978351,0.13592443990291064,0.004613832473344778,0.0029451142701561878,-0.008143797329794589,0.03282641219801807,-0.0494832532054979,-0.03270163713678559,0.009812368883462234,0.06779058014960193
4,0.3503210838222227,0.13588153877687356,0.002649846149899729,0.0035443306649276807,-0.007140015075762174,-0.06480255812799096,0.010264750739092887,0.032238600606892515,0.00840022498285589,0.07310310538382132
4,0.34419863986846566,0.13541981801045572,0.003961402566722727,0.00417163906535567,-0.007090446817167972,0.037646867156125224,0.011515558111852647,0.006073153831586575,0.009130701991321717,0.03983438066244422
4,0.3385913011474566,0.13451772377480065,0.0026650168376213673,0.0034796629778387905,-0.007863026689066133,-0.03388041427373843,-0.024380862806537146,-0.014746770130355802,0.009002086308024024,0.044269359288664656
4,0.33260892304179357,0.13323793425687985,0.0026910909722170154,0.004111958261945714,-0.00578830620504911,0.007140122937557933,0.01584189678637818,0.0469197866263161,0.007593066580252116,0.05003412262059495
4,0.325994694171044,0.13147034138969102,0.0027818068830456275,0.003748389032473848,-0.005137023155818821,0.007075863375635788,-0.017428739094255796,0.016725205032809443,0.00694102851000837,0.025170643065202336
4,0.3196443479909703,0.1291535532072904,0.000526088675182515,0.004949378520796036,-0.0065311126009175435,-0.06862673972905202,0.02951693692602761,-0.03344733629807356,0.008211488832248167,0.08185110431002485
4,0.3142839282793104,0.126525495732315,0.0018069703743304952,0.005092956004383267,-0.007348772422479943,0.03605633697830039,0.0014454376797417567,-0.007923847519216043,0.009121830897012583,0.03694504142488618
4,0.30857350619799206,0.12378666666652394,0.0029895416154434237,0.004934081723297526,-0.004668470453110141,0.0356512555586426,-0.006302003691872504,0.05933990163551303,0.007421397300657685,0.06951223776826913
4,0.30218646095534285,0.12090097206479389,0.002448818616898725,0.004153796125029571,-0.004877966050287397,-0.016970257254209448,-0.025786424784205952,-0.005686765708559971,0.00685895674680464,0.03138898913073839
4,0.2958176491321767,0.11798074398652941,7.452657541311136e-06,0.005289701357906476,-0.00475711249280264,-0.07771808488328283,0.035232364004928296,0.003557173571830191,0.007114148948899017,0.08540534921842453
4,0.29053945590088104,0.1155031553034122,0.0013429272384114718,0.0063070998513007626,-0.004988497267176262,0.035188377038117336,0.03960655711524694,0.01846176916775044,0.008152795047501844,0.056104707163511
4,0.2856115194824047,0.11374939210378285,0.0009246388283206675,0.007441148202537939,-0.005020878548128327,-0.012677937471062536,0.04332748277120807,-0.0125596935862817,0.009024126823689206,0.04685879602370071
4,0.2798257732490843,0.11261058392012314,-0.0001857023980754019,0.004196411403296324,-0.005099913919402177,-0.03291502539638001,-0.09023709442471126,-0.013297926744345906,0.006607077722539554,0.09696889688326142
4,0.27349710896375934,0.111862827998782,-0.013174540047702497,0.04332251580652269,-0.004483466568985739,-0.3918631510041111,1.1758935693460244,0.014354185399419794,0.04550286094027647,1.2395517166228625
4,0.2675622741149345,0.11126036885060281,0.0027578595185956886,0.0057998675517464265,-0.004136691359846956,0.47708284667311707,-1.1251176798152898,0.022813086723746434,0.007639140537308003,1.2223004020896544
4,0.2622602185031522,0.11072028143579188,0.001899795775171638,0.004889446149855425,-0.003394264368833777,-0.021775775405498854,-0.025147612986023526,0.027347183732681996,0.0062479547249664515,0.043063386902502394
4,0.25651423036720966,0.11018198644247086,-0.0001794271415553328,0.005820603191762738,-0.004043293862112052,-0.058118029922102396,0.02787343210111834,-0.03375808307972669,0.0070894175268831705,0.07276154061274248
5,0.49768310203518695,0.2028162081421809,0.01106392513407728,-0.009816421311556855,-0.00977132837098027,0.1356315599949443,-0.10276827885105634,0.014146794794207398,0.017727138090283454,0.1707552956942187
5,0.4930326976000077,0.20070432152942855,0.013927923216566801,-0.009145264367270534,-0.015733454881541764,0.08143738518826367,0.015803315041979932,-0.19137046221957826,0.02291646805210958,0.20857719502081892
5,0.48777017145406676,0.19810741066695242,0.012301496564728155,-0.011069850571877399,-0.017262051640166698,-0.06059968316092887,-0.06919142915096842,-0.0507344018662651,0.023913319222631867,0.10504168220228641
5,0.4817018872757234,0.1945036252855408,0.010126885826670297,-0.007615768523999922,-0.013320008494336621,-0.07913231857503901,0.0898738747899761,0.10314269441483165,0.018384133731203203,0.15804319860081645
5,0.47494268508102744,0.18967698243727674,0.013738209954007673,-0.0070875300650734,-0.011137555282502765,0.0944937088933256,0.0020394518597461053,0.06128626196239581,0.0190529953769616,0.11264646594380219
5,0.46858021882011824,0.18372929550563258,0.010431085901116861,-0.0058017769361306815,-0.004987999905297247,-0.11014974431441532,0.02937313793158286,0.19727571601413332,0.012936317549764393,0.2278452447021176
5,0.4627795214233782,0.1772228592302298,0.011388879677766812,-0.008331125286028696,-0.016043870271714056,0.019582200912671432,-0.07560628699868349,-0.32848378476244144,0.021366328700592123,0.33764088922725205
5,0.4567577923705187,0.17071342950550836,0.010881604392184045,-0.008654456578316955,-0.012159132233331371,-0.02359078416977689,-0.004970847113117571,0.1088949134857429,0.018470339181552962,0.11153177395627856
5,0.4510565330080518,0.16442101310391394,0.012451081558094199,-0.007305204348760003,-0.01343831567630488,0.04029604987403963,0.04556826029922634,-0.024893975461302675,0.0197226714914455,0.06572631129477051
5,0.4461469318175284,0.15822639859862708,0.009427789308439058,-0.004556468293533539,-0.007058803197257879,-0.0979277724563688,0.08359438764518315,0.19935193799947182,0.012628195323636402,0.2373163825954389
5,0.4406020030501119,0.15191310641544206,0.011042577065516791,-0.007138022501809477,-0.013160135750176272,0.04082041614021793,-0.07633134480703052,-0.20407644175784037,0.01860319989806279,0.22167538125477887
5,0.43430428630300666,0.14559529288988932,0.011049181198703281,-0.006370179965280581,-0.01016611017212149,-0.006985253899538912,0.029388895436936513,0.08859416019709565,0.016309917044042627,0.0936024901809394
5,0.429061382199598,0.13988913711419335,0.010650098495538461,-0.006976118289564404,-0.016096196453960876,-0.015273418978643469,-0.0010654670554415546,-0.15257867067113676,0.020522630548717877,0.15334491609151776
5,0.42396898028666363,0.13529678581989535,0.011759587653523522,-0.007369823131520903,-0.008391024888101117,0.031553051918302225,0.00461083218757935,0.214889869123566,0.016217629094400197,0.21724297620582447
5,0.41808896763913517,0.13187628332484017,0.009511676549710663,-0.007170920863967478,-0.011304265180555995,-0.07164714900408371,0.022764620944079425,-0.09303975941778916,0.016421952018439538,0.11961579644704574
5,0.412021316687631,0.12949133811217609,0.011935075680056712,-0.006895242480338348,-0.008691146854603038,0.06963432734623684,0.019938060411420093,0.07864890449297818,0.016294981865581197,0.10692107358176829
5,0.40750052839454753,0.12778667289038834,0.011241936294027657,-0.004671174001535577,-0.00923259643765273,-0.018957202161814277,0.07018977901021722,0.01973615601739176,0.015278803460093204,0.07533589082004576
5,0.403044876711225,0.12626292892346613,0.01374420422384941,0.016602261451356792,-0.010346568510176068,0.07630054828161073,0.6366453668797472,-0.05986993132095905,0.023907942508335066,0.6439902992389703
5,0.3977250452484401,0.12465508283567628,0.009378714803881,-0.005979532109396932,-0.009155388909269757,-0.13222694486192094,-0.6793285531501015,0.036146372124458676,0.014406118203729456,0.693020784890531
5,0.39183839038232826,0.1230466398769385,0.014102607240989417,0.01752063920282232,-0.008687982677566097,0.14184502661575527,0.7062710293912956,0.0004832633974006795,0.024110938846813288,0.7203742166933627
5,0.3862049964401518,0.12166187361088973,0.012054088206712638,-0.004799202669341904,-0.010705506615255989,-0.05678166871482519,-0.6680623237151806,-0.04412099507774436,0.016820857904575406,0.6719211921620104
5,0.38074930964375053,0.12042129181274588,0.012867557509499899,0.021804230744183917,-0.0044674281749401135,0.028641967572928625,0.7964944074366705,0.178541185922048,0.025709072894683525,0.8167623022977939
5,0.3751369578877154,0.11914134229660589,0.009196159127031403,-0.007413372038462138,-0.002714255003006427,-0.10875736283555182,-0.877501376249628,0.055646533494540906,0.012120008576386433,0.8859646527829956
5,0.3697134068928971,0.1179635091457389,0.011962664920869089,-0.0072435634645472285,-0.006677146051639715,0.08499596295661241,0.008162888453839723,-0.11688298355879906,0.01549705917485131,0.1447500546198106
5,0.36429114691504727,0.11711230481591053,0.008024361402387152,-0.004581883083200372,-0.0092746630830986,-0.11267617434389213,0.08300250632733529,-0.07947465957138014,0.013092112274542655,0.1609396092805661
5,0.3585920876268005,0.11648612633361662,0.01249379111665011,0.020994883107150766,-0.009082544979170215,0.13890310369171038,0.7674340359874365,0.0005411289631323812,0.02606477616339837,0.7799034328862201
5,0.3522218682179892,0.11591244487872458,0.01000945614877182,-0.0054070741301995295,-0.005195538926082377,-0.07326882584547723,-0.79142265186393,0.1050306025674427,0.012506769677902293,0.8017166346033929
5,0.34581412001961886,0.11551911472784487,0.009549268320309189,-0.0073491697978673165,-0.006765940387035652,-0.012449698793802547,-0.05408425859958382,-0.03901270472062604,0.013819434557610017,0.06783872904132139
5,0.3400810247856675,0.11547547808296828,0.011040006895221454,-0.005666841642265205,-0.007302525796457238,0.04962676026781429,0.05410556437252477,-0.006672989694350151,0.014398671100242955,0.07372079911537474
5,0.33434691242648507,0.11566875760489699,0.011108317212872202,-0.004548656355818026,-0.005634180081819817,0.005835398504459181,0.03507577518040561,0.04272456320472651,0.013260051701991652,0.055585521327472256
5,0.3280174198562873,0.11601142413425151,0.009704381727604574,-0.006524520425815222,-0.00618414445780241,-0.04160179940571357,-0.057430581106459336,-0.024680146280615267,0.013228304281989957,0.07508722248459722
5,0.32159453776299907,0.11644689830770043,0.01062463802336358,-0.004614263084757236,-0.007156075686463592,0.028448311638908153,0.05741871722033519,-0.024976397074992718,0.013615571092438683,0.06877525669294851
5,0.3155314224074529,0.11690853764596681,0.01078902397011442,-0.0036030354886367605,-0.005526332415853152,0.00918110261365592,0.03037945223847323,0.05400873866586148,0.012646155658166984,0.06264301729474304
5,0.3097178642745174,0.11732451471965187,0.012144263930633618,-0.005527766791051367,-0.005730273734732005,0.04414895537534951,-0.05997116630188083,-0.004265008279014076,0.014521549131828135,0.07459129536321586
5,0.3034441212287412,0.11760388692309803,0.011022441744685314,-0.0057540272175000545,-0.0063697323892153435,-0.03388627783648547,-0.007670410233156039,-0.03134557048567044,0.013970559829331531,0.04679380095513214
5,0.297072245168015,0.1179328964973356,0.01175776486528941,-0.0037316109171675743,-0.005257152297786338,0.021614824476170105,0.06376885295537332,0.04052637316277366,0.013409235807706511,0.07858787543958705
5,0.29130341020827144,0.11851578147606905,0.00977622295560226,-0.005844397930043085,-0.0033801845960411137,-0.05650110210126083,-0.06073127911151316,0.06481617960352212,0.011880958309229524,0.10527012842954858
5,0.285877809807469,0.11919024867279429,0.012156723738882045,-0.005840982888836818,-0.0034531973963400353,0.07326942415694801,-0.0013773163653699183,-0.0007919986093467557,0.013922197579020072,0.07328664802307634
5,0.2797641851226522,0.11973394888730499,0.00930778753286971,-0.004298622115488024,-0.0038214905902749785,-0.08728825298492529,0.04454845945546307,-0.02818661331379499,0.010941519601059432,0.10197200360450294
6,0.49735925613706145,0.1666185705550219,0.006898071261969188,0.007860974348394889,-0.01171663474625273,-0.013049128436813079,0.7069805506312895,-0.056086673652745056,0.015705344141992702,0.7093218547918225
6,0.4916804096509435,0.16361306725565675,0.00970013572040241,0.008377872463964126,-0.01340855450878109,0.08097486436639159,0.0137934876853551,-0.07376046755467411,0.018549143215567363,0.11039834933351898
6,0.4848118968358154,0.1607014082713478,0.011569855498653902,0.009351658169962807,-0.014852834876577403,0.04740247978225788,0.027632477771675823,-0.053284590944838506,0.021021935464139312,0.07648396269459559
6,0.47745727454890685,0.15785582134576231,0.00745520950221415,0.007848958012599883,-0.013367304477776565,-0.13460780886790785,-0.04838008426787768,0.04094331882353369,0.01720090461595103,0.14878255985925126
6,0.470154030066414,0.15509030286306622,0.009659428325286573,0.007455819845102241,-0.010279546742472279,0.05654679098712642,-0.013247739325753141,0.09673844686162461,0.01595502699354161,0.11283336948520255
6,0.4642445114382996,0.15215068337142662,0.009540022744509748,0.008924988191639893,-0.005650319155464045,-0.010321731476743284,0.04822939935682766,0.16821063240872655,0.014233536269855034,0.17529241272326104
6,0.45834200571437356,0.1488468747406935,0.005792514433716995,0.009340966059167705,-0.01600071519530133,-0.11744282851234444,0.015774326926014298,-0.3331604033554846,0.019412103367345064,0.35360642206122034
6,0.4513762470116697,0.14527338472404291,0.0072507325163933545,0.00937229418356006,-0.013421512966561244,0.0356968809077568,0.001996118765924912,0.07016106155169216,0.017903911041977652,0.07874532592307042
6,0.44413385796144134,0.1415440069784942,0.009827330515453913,0.007302291611395201,-0.006006399231183346,0.07009743492928838,-0.062014966239175615,0.22166178613420612,0.013637328168016794,0.24061058549764272
6,0.43788391900629475,0.13787089268107386,0.010674947785262092,0.00733271033254726,-0.009323938020839029,0.022209599103812816,-0.00286473869382331,-0.07574691389701457,0.015958037825984903,0.07898777111083533
6,0.43168989751445863,0.13447780707695647,0.006597538415435894,0.004669678461398069,-0.013214731501464183,-0.12422473254458079,-0.08390909295322843,-0.13392347795096374,0.015490724280413334,0.2010174569595597
6,0.42477834584203833,0.13151878613498902,0.004576736687654556,0.006376342114690403,-0.004825320909274844,-0.06530029424152073,0.04339786675851952,0.24824567513788923,0.009213467281603743,0.2603332834884657
6,0.4174495166498404,0.1291808609054822,0.008427368623471149,0.008465182183611974,-0.010253811006039448,0.11180837348033248,0.05514790553968101,-0.16986419904659245,0.015742315314628382,0.21070417647372697
6,0.41058982089357465,0.12743469356567388,0.011993183934546776,0.006519651235721402,-0.010558055826559332,0.1066838608340793,-0.06411134415706861,0.007302050280207417,0.017257313115316007,0.12467971186358257
6,0.4037494773243304,0.12616829830874599,0.009345566155725085,0.009096272891094825,-0.005033326663330728,-0.07854431657568799,0.07282896973905591,0.1534265962935634,0.013979133184146175,0.18711758054715838
6,0.39692506970924457,0.1252681059160905,0.010107221773972932,0.0062610006671076635,-0.0038558893341194556,0.02713821465322236,-0.08583175656874849,0.04527147692887934,0.012498957712496324,0.10076249179909817
6,0.39074178828462713,0.12427139551619312,0.008211517831572685,0.0068272746528109385,-0.007495892811776816,-0.053858806302654855,0.024327133821858235,-0.10206028244022325,0.01304718794717077,0.11793592204291124
6,0.3847134346358545,0.12266455787988244,0.00836174283322054,0.008600993600893392,-0.006331348427806638,0.003317064019700916,0.06424835135169127,0.03292793067636715,0.013563989348484969,0.07227103281224645
6,0.37810007823239933,0.12032183425498202,0.00837597268448477,0.0070801701918407345,-0.010226541923106236,-0.0011551782749140982,-0.03576922467595958,-0.12888938746982995,0.01499559562210566,0.133765638611394
6,0.37159003719013695,0.11737379597283504,0.008194995393965062,0.003831747124111315,-0.010084814340722115,-0.004836675375951463,-0.09122108127797661,0.01612531226751948,0.013547830668305474,0.09276154803549025
6,0.3662463596375265,0.11429376621544331,0.008571088653372787,0.00394198454809204,-0.009655933923343352,0.012215139766708932,0.0007921253822952556,0.030821452447110598,0.013499624543421386,0.03316321807501513
6,0.36100621884356754,0.11159567769875317,0.008814087137192016,0.005805282430641906,-0.009699648265978467,0.010079568652343524,0.04988926932752094,-0.012899709750160915,0.01433431591130991,0.052506565397954036
6,0.35476336495092076,0.1094310260824194,0.009305101988268099,0.0063774790008626625,-0.006854531835200184,0.017828922579344597,0.010157978163423037,0.07094904373919192,0.013200066973250095,0.0738567654870873
6,0.34826852318551405,0.10794146480252592,0.009006530504402407,0.007700587692041377,-0.006114720938776019,-0.0032206325320500787,0.028862395868990413,0.027443661852206175,0.013334408674127851,0.03995703874241747
6,0.3412470186758224,0.1071548523584546,0.007636685662111346,0.003833638133046033,-0.009955633827065713,-0.03612900127979841,-0.12410786376015011,-0.13153895011827144,0.01311984733659873,0.1844195271081692
6,0.334484385111415,0.10682704797936342,0.005268417593385387,0.00727899228902229,-0.006638466364890183,-0.06307014782687001,0.09976231640580653,0.1183039892459947,0.011171803272512316,0.16711133173148948
6,0.3286480567231601,0.10637065898637452,0.006982333570601559,0.004214747091122767,-0.005453212458669532,0.055912220852014236,-0.08541652963197693,0.04251071922649202,0.009810942933921589,0.1105862614619395
6,0.3226840123973628,0.10527322491638127,0.009139871385569452,0.0075097848818998225,-0.004878770782479891,0.06284697567450412,0.10977302494433153,0.00874981566764102,0.012795957262555304,0.12679281774248194
6,0.31588276127032644,0.10342898222705377,0.006542207108069999,0.00514010571253673,-0.004131940724757421,-0.08234589431394014,-0.060086509362143145,0.009490284785825448,0.009289461487828195,0.10237822240596672
6,0.30884721679432103,0.10093580099297442,0.004363648047593566,0.004466700282413222,-0.006777134070460267,-0.06791741804584722,-0.01230969859867849,-0.07462605200168801,0.009215334063677283,0.10165309631763965
6,0.30358670581599223,0.0981177821800261,0.007421632092153761,0.003941709853714712,-0.005737180338477477,0.095801740310341,-0.015949707232068663,0.0689146395775295,0.010175113646459719,0.11908649862759217
6,0.29827767826192764,0.09536819961942261,0.007674867064324811,0.005917901349067861,-0.0065316783828416325,0.011440174483066876,0.055971429365781325,-0.05430293214671966,0.011687085322236578,0.07881933098664884
6,0.29146848550186066,0.09283341588870594,0.006857003633413503,0.004394894843388189,-0.004762169045623821,-0.021212046939010812,-0.04928742045273893,0.04180816887938221,0.009434609347089246,0.0680229647639296
6,0.28499920763726305,0.09040852393979387,0.008953720330821535,0.005664699057017303,-0.0029135675326896204,0.06737593005389095,0.037206123467417807,0.07215989603826778,0.010988484833528355,0.10550290124140263
6,0.2787833964822021,0.08796380683580338,0.007357861521374166,0.005017542464125946,-0.002570737727017214,-0.04557643526645508,-0.020828225683264784,0.003214941244157943,0.009269441785141932,0.05021316843133651
6,0.27241123662099076,0.08566693735550342,0.006617226725340597,0.004769194885484385,-0.004352796074957366,-0.01966393456336591,-0.012596235471257516,-0.05164348379417358,0.009245525569725958,0.05667790476860248
6,0.26555327778686777,0.08368652876599501,0.004864220519576523,0.006605776834944788,-0.003250411367181516,-0.052181949337852286,0.05053964097976598,0.020350602092396808,0.008823950527516873,0.07544109061105155
6,0.25848681190419753,0.08196860057040194,0.0065408548742479505,0.006095910685744332,-0.003267749257920338,0.04919529577136755,-0.017339874759067744,0.004518133976612493,0.009519511268294398,0.05235706177129413
6,0.2514296502676041,0.08044432641835216,0.00648809726773792,0.0032452584540467178,-0.0030581434515035144,-0.0061564603676211305,-0.08634503870653075,0.0025634069639316193,0.007872696485903911,0.0866021868589536
6,0.24453410356538485,0.07905132755599777,0.00857756280289003,0.0033896446045211387,-0.001404561860581216,0.05794946297269109,0.006724903981970565,0.056280411076459674,0.009329365905713061,0.08106077512166598
6,0.23796394421186884,0.07761784019998492,0.00577990498525021,0.005170718802895477,-0.0015656728916594864,-0.08537528693751047,0.055088799665035645,-0.002409636583109609,0.00791169805925469,0.10163425513408035
6,0.23186791039752042,0.0762587036834451,0.005383327481987131,0.0066902324857493894,-0.0018086513414946326,-0.01441189433720741,0.043166880340309334,0.0018566710677442033,0.00877557093110099,0.04554700302056343
6,0.22548292004366166,0.07523687832105484,0.006404159007892998,0.004625357477592587,-0.0025087710179952927,0.024371776034195353,-0.0640538210452877,-0.03489930626297488,0.008288613660596796,0.07690797770842527
6,0.2184558430860264,0.07459801612949608,0.00580805651014174,0.003795137072682961,-0.0037327093060603445,-0.02581159242074564,-0.024332628639045242,-0.04088316286703289,0.007878432876467372,0.054127147770714056
6,0.21163593082539578,0.07427464355910825,0.004176391026954079,0.006251298507987446,-0.0017336413749195756,-0.05353898182356889,0.07327190762094113,0.0681094173991397,0.007715341046436098,0.11346403729625702
6,0.20579828755445229,0.07427236971376416,0.007232503213171121,0.0036369374160261994,-0.001821598856921569,0.09444682584883543,-0.08354831695948205,0.013887591430826768,0.008297869539355261,0.1268597232199089
7,0.5017117368214679,0.16871245224018946,0.0071111504477847365,-0.0012548253063515702,-0.007581345863285516,-0.13911071523753618,-0.20205694827878323,0.4567142659235168,0.010469949968325816,0.5184271618459922
7,0.503831678853182,0.1742532033943232,0.008040191044111744,-0.0037002610643856043,-0.01358133451398913,0.033649010864821055,-0.06767788745881644,-0.20166660648395587,0.016210775772654902,0.21536474306121647
7,0.5042666700135634,0.17888827619648812,0.008235273768101459,0.000367146292044207,-0.020649667287869433,0.019124397868250112,0.13509045419821467,-0.23496500687858793,0.022234281853368836,0.2717052223766741
7,0.5026430473454975,0.18199259901007722,0.006460888087864242,0.00041511757955342565,-0.010368023340652899,-0.03661086577763706,0.01800547421036501,0.2779632253926219,0.012223391733928992,0.2809414659056185
7,0.498803222757346,0.18327785510751912,0.004796216024304717,-0.00014128711238324543,-0.01883825177161358,-0.03225796066559178,0.0010750934111600913,-0.2820532009981416,0.01943973713841381,0.2838938887074599
7,0.4934817575612569,0.18267914134037233,0.008122870059062065,0.000855303477825517,-0.020477338012375945,0.11632234986868142,0.04660084412108595,-0.06158013206207019,0.02204617731282873,0.13962320873175663
7,0.48810578568023055,0.1804878157615418,0.00876052473795183,-0.0009429237945446645,-0.017969848508803787,0.03104218787693397,-0.04178420043782699,0.08399877129236519,0.020013779113299473,0.09881968636381337
7,0.48330689726504694,0.1772201015297654,0.008965739903110725,0.0011945938610173762,-0.015985058813729247,0.014713281042370296,0.07322581429291458,0.06623528290017006,0.018366645087805104,0.09982791803277151
7,0.4779381854378135,0.17312386430643145,0.007646608707178398,0.0006309781214314109,-0.020763626524044954,-0.03208365824090212,-0.008726451406448177,-0.16185569872724462,0.022135874605274684,0.1652355267209588
7,0.4717969903531304,0.168288358052271,-0.011817408844150806,-0.00975152119956045,-0.014772246397738609,-0.5786307186118294,-0.30519812438497973,0.176248743695106,0.021282917589719504,0.6775123787086511
7,0.46589774790575034,0.16313513163621732,0.007409556176743243,0.0001660567393512169,-0.02030094758728812,0.576209077022989,0.29797580309795935,-0.15746797682259586,0.0216115147668741,0.667534750706029
7,0.4606754877171184,0.15817770571560413,0.006040859997806292,-0.0012995088403467553,-0.012448884996704768,-0.04411920237625003,-0.04565112591069348,0.24481876310710243,0.013898037645668422,0.2529165002219548
7,0.45526469689245586,0.15346521172555674,-0.011828825854505648,-0.00908050688215268,-0.012635679083781715,-0.53737493150542,-0.23349954981050025,-0.01718945800098115,0.01954576967636123,0.5861649377423804
7,0.44944832815373104,0.14892542316384721,0.007176558935800326,-0.0021533435445571306,-0.012370301782636262,0.5680595879825621,0.20561782947540702,0.007488838282570909,0.014462511980060561,0.6041742050070644
7,0.4443033357489834,0.14484865921170628,0.00696819824857986,-0.0020412490178031706,-0.015577602905401333,-0.012246677299421332,-0.004852719294634128,-0.08030738110169361,0.017186744795410266,0.08138062084330232
7,0.44001759537846075,0.14151180105013855,0.006574116987946799,-0.005496528755104889,-0.01258122183087762,-0.017082135209866567,-0.1126410320912277,0.09759520476575448,0.015222285810109374,0.15001541736493185
7,0.4351650759048449,0.13867312738441936,0.006173114359379922,-0.001599879496515015,-0.009618394505983785,-0.013074416466786448,0.11169048321213995,0.06972216575127682,0.011540384229742559,0.132313585104315
7,0.4296507790379309,0.13607756010774993,0.0048449615324176465,-0.0038082586849104982,-0.00949333611373765,-0.04095788978068429,-0.07170790958271228,0.0032178263915692007,0.0113181233881858,0.08264337504419457
7,0.4251716902561463,0.13384024068758066,0.00257660603553142,-0.0009904321649626818,-0.00808937897119033,-0.0731912539732365,0.08120148247946768,0.0666790445652417,0.008547391805414441,0.12804973798946875
7,0.42184169609046906,0.13200368590803493,0.00439039478571808,-0.0016611070974563921,-0.006924330190624162,0.05046300495088593,-0.017771356764667304,0.04266320969929785,0.008365476182051428,0.06842868880649758
7,0.41750157220296547,0.13028289626327857,0.006132681115766397,-0.002879934494470375,-0.008100826059533217,0.05240140356484138,-0.03375321789999702,-0.06484097802721525,0.01056064312468377,0.08994186592291636
7,0.4122374980342417,0.1284898204995467,-0.01696069833330885,-0.007932513073993175,-0.009236518538292326,-0.6922787438266108,-0.14958237794420548,-0.03264112599729607,0.020878297974949875,0.7090064809661225
7,0.4079532940162196,0.12673894596299723,0.004400603221166782,-0.003121755319683145,-0.007747613212883198,0.6379334177369168,0.1479298249901702,0.06638219689559996,0.009441195659584425,0.6582164345044965
7,0.4043248340503689,0.1251549580197487,0.005541467805874306,-0.0011176086919104308,-0.007590706386979673,0.03274073513059822,0.0629795969840264,0.003139331430540418,0.009464445999904545,0.07105097307562476
7,0.4001703016662421,0.1235991226312072,0.006850555958706539,-0.0035291796763262384,-0.010156345303591163,0.04166581646461762,-0.07240678179371474,-0.08802933573608981,0.012748983334248348,0.12135875024703839
7,0.394949658352434,0.12191125824680854,0.005680272748782175,-0.001496501179736296,-0.012556914087155036,-0.03216432409315237,0.0600744829158936,-0.08827782296954509,0.013862940008299181,0.11151888302087533
7,0.3899197434395014,0.12014020539437939,0.005885502304920645,-0.003602870495339406,-0.003371843072723757,0.007675371641061218,-0.06672284170549772,0.29263606710977763,0.007680438717579135,0.30024442827230546
7,0.3852995233108536,0.1183370003948972,0.004368063042912193,-0.002529333322552077,-0.009148335417578146,-0.04230780482304816,0.03083353109096245,-0.17703183933952968,0.010448422977461354,0.18461020862460326
7,0.38013069782894293,0.11619943066572373,0.003987012601620085,-0.0025888843706749314,-0.0070668990368802365,-0.0032729508147567032,0.001412826460813435,0.05244409627649671,0.008517021414066135,0.05256511694938619
7,0.3744002531277335,0.11338983195658166,0.005547765325411638,-0.003631307588470115,-0.006564530782408873,0.0565782233443953,-0.026805155378646472,0.009757377230580455,0.009330442610139886,0.06336259245092096
7,0.36861038136115964,0.10994277756424709,-0.020690898267588437,-0.006456758760439297,-0.008835516294759482,-0.7806970320852946,-0.08201039482391789,-0.0652783502442078,0.0234066091735895,0.7877022430947928
7,0.3637296649692948,0.10627973864509198,-0.01887280819617833,-0.0054098688255969345,-0.010289544337868606,0.053714613132423955,0.03485716924555653,-0.024623120445637275,0.02216583615839622,0.06860451859943122
7,0.3595597212949627,0.10288656692116238,0.0022185619486995295,-0.0020583956613533403,-0.009609592419389912,0.6290461168785688,0.10189192075260864,0.02220599407228252,0.01007488343782159,0.6376316231550943
7,0.3546008470369927,0.0998571314693908,0.0019321650766923049,-0.0052640790566229985,-0.009513825379881102,-0.009925955133713554,-0.09596603199822093,-0.016914915342848086,0.011043399094338484,0.09794956990133123
7,0.3492911687357284,0.09693587522346025,0.004059118637172815,-0.002337716777385485,-0.006703720334227448,0.06774479050912041,0.0898763797927358,0.09146370553053759,0.008178094531212501,0.14502665174080795
7,0.3437489501315282,0.09386119360943848,0.000566455541770261,-0.005547567102113467,-0.00838946035086735,-0.09977505725050062,-0.09622698930084231,-0.061558213402490375,0.010073699301251213,0.15167105576395135
7,0.33794098086511637,0.09063784538695775,-0.021321862879894293,0.0018622038248354653,-0.008337790660842392,-0.6540791987639811,0.21750719676483746,0.0038910170168561797,0.022969727748893252,0.6893069845240615
7,0.33263810212557854,0.08754156662540286,0.002115701240094303,-0.002641568161485249,-0.008165833254438204,0.6995885276424731,-0.14120041003985864,0.015098816436779183,0.008839395161910003,0.7138554742118177
7,0.3275150087107479,0.08488072868322767,0.002867164472164549,-0.00536293770056516,-0.005268726227179221,0.017651017441187467,-0.08490167324537012,0.08339486788579412,0.008046192201753071,0.12031025112708292
7,0.3218822210557273,0.08262619182593603,0.0033905728277178887,-0.003147637735317052,-0.00413459522481574,0.013259527485136369,0.06328675998785668,0.024890526806878338,0.0062047147465391075,0.06928612692028321
7,0.31575654817490495,0.08060639071250954,0.0029172167285998474,-0.004494583744070718,-0.004866193201206959,-0.015531332732581948,-0.041589740927059804,-0.026329808419167378,0.0072381815910876664,0.05161576947232486
7,0.31000276836247764,0.07890626694830825,0.002288395241905064,-0.0028087995856040694,-0.004028076504805189,-0.021774006865433987,0.05448656399576988,0.03718543677615657,0.005417703224044938,0.06946689671544735
7,0.30451494459084394,0.07765453019707005,-0.000930102192260085,-0.0035709866446706484,-0.00813546537743054,-0.09705080654676143,-0.018279360333307,-0.12636862917865394,0.008933243118366038,0.16038087325508593
7,0.2988343075446651,0.07664356463655818,0.003507075682473021,-0.0018913501176675007,-0.005744658142954828,0.13692458257809437,0.053029476401627196,0.06965956490090619,0.006991271864947871,0.16252052689983404
7,0.2927975827070559,0.07570334535948152,-0.0005031051183702062,-0.006326554687620625,-0.006475836588840489,-0.11658158786527315,-0.13057669331125313,-0.028615860776754903,0.009067241504501247,0.17737081764846235
7,0.2866975744209368,0.07495527766330667,-0.022743033556016146,0.0118108083869687,-0.005736649190619114,-0.6664525012781741,0.5445708093278722,0.025907692175933722,0.02626118645491855,0.8610386236086226
7,0.2810064924018135,0.0745066139267012,0.0023588786130558023,-0.0037283051059541703,-0.0038032777234241477,0.7547847249067722,-0.4656485514190339,0.06462657614446557,0.005824902464051254,0.8892160304084676
7,0.2754703227825086,0.07418379812042691,-0.0018232377809352593,-0.0024857028416606503,-0.004710259752741808,-0.11943512631336725,0.03576337409520379,-0.028800219332861976,0.005629339353882379,0.12795788743873682
7,0.26946192700851546,0.073809888381016,0.0012054757595418505,-0.004954502746866533,-0.0034665067597554056,0.09686602685497761,-0.07557811754842153,0.027554323483663018,0.0061657877348300725,0.12591393788407465
7,0.26328295134190904,0.07344063277234447,0.0003306701538663276,-0.002720014382512785,-0.004832724156022483,-0.02322410805129499,0.06315928070716889,-0.03735717296588509,0.00555545171520171,0.076967605563823
7,0.2574916194024428,0.07316541147702815,-0.0027020571523665646,-0.0026925991715504582,-0.0056160041108521686,-0.08992919714278769,-0.003316991468019656,-0.01728395704117991,0.006789013575358204,0.09163513574031874
7,0.25171026303394695,0.0729312977817836,-0.0001330222275967921,-0.006100811427537267,-0.003056784934636292,0.07915778445329427,-0.10841309216461784,0.07214910839034169,0.006825066235870794,0.1523970053307131
7,0.24566488642243967,0.07263567876646954,-0.0013384389861562027,-0.005023767115614058,-0.002204817665382136,-0.036846607814725735,0.026182215298710704,0.02300482466674328,0.005647200712668992,0.05071886102179196
7,0.23981939074122816,0.07236422491959789,-6.582515184517038e-05,-0.0037853941003000297,-0.002665322716901314,0.031128510447714433,0.03039620411932689,-0.0072371953584192406,0.0046300633505851636,0.04410544619673603
7,0.2033246294312011,0.07090249892566952,-0.004896037383097981,-0.0031548419778839876,-0.0022602357222606118,-0.04909574813806493,-0.0043805389551327956,0.0012521962257809605,0.00624762958907575,0.049306689223284926
8,0.4976459405630167,0.17255565705743117,0.00727126978488421,-2.6587201593033724e-05,-0.016884763158540594,-0.48562568265428674,-0.06333132118372663,-0.20444585899528528,0.018383886914465842,0.5306988497788915
8,0.4928786604182904,0.17574851748540699,0.008071885508777327,-0.001337424860723837,-0.007563320002628493,0.019724487015877437,-0.042422759371836635,0.26598372140686055,0.011142165426300754,0.2700668175733603
8,0.4872855431892592,0.17841545428164418,0.006359933949737967,-0.001001430682640597,-0.014939125366631001,-0.06220388206530242,0.006000299511639169,-0.23005326212963764,0.01626742419613755,0.2383900793965873
8,0.4810876068292723,0.18015593421474327,0.004017712520607147,-0.0008942557733361564,-0.014790502097903002,-0.0840307172942437,0.002402082164182029,-0.002850866313270972,0.015352545704034286,0.08411336924915523
8,0.4745805473681033,0.18086168621530968,0.00472981372441611,-0.003484320486135519,-0.015248859327533448,0.008626104095309492,-0.0722373182682651,-0.015236977125210105,0.016341338314491947,0.07432903399323791
8,0.46831164342081233,0.18073978255950776,0.0036326998703954116,-0.00042385854466731824,-0.016922840673901818,-0.0410371908319378,0.09994791100943397,-0.043417647820367194,0.0173135409690948,0.11644195158438408
8,0.4622689224750711,0.18008100669580426,0.005718294726781731,0.001056851114523862,-0.010715325665442865,0.055997787851834874,0.04904414193833107,0.1862654534813039,0.012191555806258227,0.20058888120571902
8,0.4569182898398305,0.17881709872871485,0.005492446002977436,-0.0033399483232347854,-0.010044273085427657,-0.01647811404902144,-0.1340973093747295,0.03619189024092451,0.011925168330558194,0.13986947323617688
8,0.45145341644356507,0.1769153185758709,0.004440880392131141,-0.00135985887170211,-0.011886391052432832,-0.03795835408078663,0.055081996427007084,-0.07037664696886323,0.012761540935933915,0.09709652626890004
8,0.44579375015091616,0.17461232733953594,0.02481223577665112,-0.00047452482591406743,-0.01301462588713248,0.6081282695715448,0.022072731264456254,-0.026597373290215193,0.02802236080398212,0.609109692898983
8,0.4399177787353691,0.17212783957086067,0.0062858024400839485,-0.001546622647058805,-0.010823767624698666,-0.5581805044606274,-0.036947449801086774,0.05501702022840682,0.012611792082080782,0.5621009358838831
8,0.43391999718053575,0.16936630874907127,0.006805659488716753,-0.0015520921093856123,-0.008093783549538769,0.009826058122731934,-0.009515210222438272,0.0872814899742155,0.01068809258657324,0.08834675509563202
8,0.42758194297974894,0.16622507750451193,0.008011453998406776,0.001301272519004605,-0.009184814270932984,0.03168881048518696,0.077131252972922,-0.04480157564148238,0.012257141531729113,0.09466040394535855
8,0.4213911114100728,0.16287607870126647,0.006161792143636824,-0.0007848429404057611,-0.007203301334962886,-0.05716425607995726,-0.06878910771202085,0.07234726029040936,0.009511635557819031,0.11503833962866111
8,0.41503218380381124,0.15949469457643045,0.0038445694585926005,-0.0007729746038052116,-0.012638401550721101,-0.0713534707510208,-5.0849575307668204e-05,-0.17698996989870147,0.01323281518866414,0.19083178408912743
8,0.4081389851844598,0.15591502119877693,0.005837495464823789,-0.0010116192502207626,-0.010303267361370827,0.054190227803629726,-0.00034457763785215867,0.06830644913911821,0.011885160711119764,0.08719214710713766
8,0.4010080599984993,0.15191048462463833,0.006420860891170305,-0.000659177785467261,-0.008597778466384376,0.012508692848506975,0.02050254529883047,0.046969174626782656,0.010750989000721595,0.05275343709778623
8,0.3946708689593257,0.14757784520476058,0.00431917818453989,0.00023758106478380045,-0.013076371548146226,-0.06435963349758472,0.03863952386467205,-0.11257514838489793,0.013773279849669695,0.1353083118744513
8,0.3883626953526298,0.14310695055714379,0.008422392223356667,0.00041220643583455077,-0.008971838353201922,0.12227522600990823,0.015942818762979122,0.10684190593967016,0.012312615008428845,0.1631581969461071
8,0.38148698151123694,0.1383753614267531,0.005077893879525064,-0.0007084022072954381,-0.009998633309896976,-0.1043590475887343,-0.02187831736551033,-0.03139619249771522,0.011236525619816853,0.11115391350612577
8,0.37443888319643637,0.1332170208231763,0.007782304518806904,0.000582927260178407,-0.009061452867258513,0.07769164291204322,0.05174158493260985,0.02454164674981038,0.011958845925909782,0.0965167105474663
8,0.36771542837930393,0.1277898097963118,0.005417421057846553,-6.158884420115647e-05,-0.011472519974194684,-0.07058547113107885,-0.006709102174475623,-0.06191091986245437,0.012687433099804912,0.09412907513090292
8,0.36127733657720185,0.12234232676160678,0.008367132870139224,-0.0014758083301197964,-0.008063706863525422,0.08883346308796516,-0.03215247144852269,0.10083079130828693,0.01171367965562838,0.13817385447436953
8,0.35462898657718245,0.11682401657370015,0.008512536927894249,0.0016857709725644314,-0.005976474290305345,0.0018078933187797852,0.10579633891687204,0.05880669679373832,0.01053676201037989,0.12105519978198546
8,0.3479635005294661,0.11119070682765166,0.008573283863838904,-3.594587446129494e-05,-0.011826315921946495,0.00040566221004112446,-0.04337437785476647,-0.17281900595242225,0.014606992729564032,0.17817943213092824
8,0.34237457679611394,0.10577999347231383,0.030352863333313024,0.0006036032321502782,-0.007970258583734569,0.6570636497709705,0.02104605658581213,0.13873358709017386,0.03138766750308527,0.6718798884734299
8,0.33679701252666616,0.10089601334731728,0.006129170716794113,0.0011836775921342559,-0.006857502523584469,-0.723285977579313,0.016223663613167294,0.015732820762328875,0.009273250087142835,0.7236389529821037
8,0.3302572959422404,0.0964951539950768,0.030841232247721284,0.0027265750307491326,-0.007296536204278836,0.7430994140208156,0.04481345156579572,-0.021883370794890694,0.03180967240536343,0.7447710161362794
8,0.3237352330678448,0.09254844962146866,0.005932223392467725,0.00015381994179646322,-0.005919546339048953,-0.743266473843001,-0.08128311022960988,0.04845041246462456,0.008381883070813112,0.7492659325070103
8,0.3178851083242151,0.08930611602158038,0.009000015687555568,-0.00027581909656159906,-0.009491749372121328,0.10131724165544864,-0.017702816188199078,-0.09714306956304436,0.013083182513954317,0.1414756131698754
8,0.31226524274214096,0.08693792025240873,0.00542601972428422,-0.002193489078797437,-0.007118497398949264,-0.09794032749708315,-0.0650606142455088,0.06874621434955974,0.009215535231660311,0.13620291209674784
8,0.3058354287100611,0.08520245944903354,0.005150245570024872,-0.0011103309508486876,-0.0070300795901381274,-0.0034847502801016172,0.0259480710258657,-0.01423446258254299,0.008785208210147898,0.02980043287423617
8,0.2994112401892324,0.0836736755086791,0.005043079281500967,-0.0008757097849857939,-0.005744585621502318,-0.004972670776505345,0.0023423994911944968,0.051848928379908954,0.0076941393430191626,0.05213948277623002
8,0.29342267703087477,0.08197994411782657,0.005937679428250048,-0.003816851801487116,-0.002216564883625649,0.022655964294318043,-0.09150970110490111,0.10567626424787088,0.007398483260135259,0.14161493897113958
8,0.28711662062816834,0.08014067744828694,0.005261792109503796,-0.0015540358653045663,-0.006024241863361757,-0.022624523367987925,0.067902592391457,-0.12148676612401446,0.00814818836935976,0.14100235974755873
8,0.280385246400911,0.07836433118656022,0.007548772969909523,0.0008557440382145273,-0.006028934258197782,0.06742064941040227,0.072040076450721,-0.0044169065695102705,0.009698676172542683,0.09876652087418027
8,0.27379416940859747,0.07659866286577383,0.004996184223314631,-0.0016267455226994035,-0.004441238786556723,-0.07921262747393301,-0.07815040750785991,0.054200559535051235,0.0068798807946167505,0.12377328952112926
8,0.2675727265010234,0.07472784040074294,0.028811854461410255,0.0175398735344929,-0.006458960095732047,0.7134385276877235,0.5720667363757017,-0.05699146799483473,0.034343678990896555,0.9162439146215268
8,0.26166104360489817,0.07304424558396688,0.008875917879862895,-0.003890670169944932,-0.003960906131447228,-0.5944084711702966,-0.64173721848045,0.0793853817248032,0.010469384411869946,0.8783223366245599
8,0.2553755810216962,0.07185548325340294,0.00394230789603419,0.00018359919090796262,-0.0033808559129841487,-0.14419069333432713,0.12333945314899299,0.00524291015454964,0.0051966996174875706,0.18981850503629852
8,0.24896950636341586,0.0710351676530923,0.005571423212065718,-0.00031854524135827705,-0.004058152219658995,0.05045945108898525,-0.016812836022682756,-0.013673793229845577,0.006900059935729538,0.05491630250317191
8,0.24287106166365735,0.07035199886114335,0.007199244590506998,-0.0051831070915848085,-0.0015973587128724764,0.049582349877800885,-0.14831630291708975,0.07582625318819144,0.009013616180777315,0.17379803164293403
8,0.23697138252818495,0.06972671590621764,0.004008788991222749,-0.001255526524098792,-0.0024497049141225247,-0.09293073175465856,0.11289662497641495,-0.022521665120570966,0.004862899360992406,0.14794929616366792
8,0.23055892962279168,0.06909386862667723,0.006406482411778255,-0.0027517682895530776,-0.0027004533507420103,0.07280348037530626,-0.048258260193163593,-0.021819221681278006,0.007477144769987254,0.09002935558141818
8,0.22382800198441344,0.06841740571500655,0.005120851914109943,-0.002232053464044613,-0.003493451510223178,-0.042769103105663134,0.01585427149624477,-0.020133880807181564,0.006588580305868452,0.04985907401363645
8,0.21741691232603721,0.06771777211516437,0.008565662069770514,-0.0017223190038512595,-0.002787500436805729,0.09833323403075586,0.01578862106935215,0.025807641636439754,0.00917099275595203,0.1028821648151607
9,0.49748672351221157,0.2755812608492602,-0.0023587900509963178,0.010090382373664067,-0.021855556786826935,-0.7888125066884246,0.4093168623509389,-0.35728228654874744,0.02418770492241144,0.9578184049152505
9,0.49193335336375144,0.27476111728135094,0.0031598757768769303,0.008725519840213775,-0.01116492824086901,0.1618957497696652,-0.04445710147738571,0.29531845712600635,0.014518096777160984,0.3397052528068082
9,0.4462794878059059,0.25163226873350375,-0.0012211372363148398,0.008400785450064209,-0.01589557836760841,-0.12669392392166157,-0.06747550212998261,-0.033229021123007546,0.018020371360454968,0.14733791633912274
9,0.4399397690689929,0.24502305932465643,0.0025241659967555063,0.008729688600039205,-0.011575926511580015,0.10708876659455815,0.004973831638520845,0.14396760051701118,0.014716689560982531,0.17949766831504477
9,0.4340519476998499,0.23819702913411597,0.0020018798352982314,0.006737073647126626,-0.013580549625814509,-0.018658976746510486,-0.0657662168277832,-0.06078386043539935,0.015291403216872947,0.09147693905294339
9,0.4278791516067606,0.23120462081409401,0.0012423762727719612,0.00833872345236665,-0.008950384440290282,-0.026728072473378245,0.044780086590041526,0.13279353435715158,0.012295819990841877,0.1426666351331585
9,0.4215330439563125,0.2240012641921606,0.03238689981573342,-0.0007168734864020643,-0.010413332401560726,0.9330293257902373,-0.2697102967909267,-0.0431653565279321,0.034027381312338074,0.9721885696632202
9,0.4156181621590467,0.21685207435956538,0.0009195697886016097,0.0059040560398477965,-0.010851911306114126,-0.9388885089483107,0.20208115714782912,-0.0037109413987228834,0.012388198630694442,0.9603968957652104
9,0.4098260285468456,0.21012137688510035,0.000687650540030893,0.007526646121812877,-0.0074598494451859065,-4.4426422912885455e-05,0.048947564269955085,0.09727712432415392,0.01061944531757879,0.10889768105173468
9,0.4042199594488032,0.20390223533774227,0.005095231257878224,0.008437076430609036,-0.007070746624446234,0.13691357181428043,0.02428900898323169,0.019534272256952562,0.012130173044697904,0.1404167721354553
9,0.39847849058558593,0.19792045565770774,0.0014768174950670343,0.008849806217870085,-0.011733061775782871,-0.10962129945774787,0.010634113734753092,-0.1491273560105356,0.014770402792135534,0.18538846237137283
9,0.39198548157295765,0.19181365643661125,0.0033024055589425394,0.005888846609483758,-0.007094737250875338,0.05188522739103252,-0.087186609070938,0.1288124173742672,0.009793859991072013,0.16397018171762248
9,0.38522121527069886,0.1855223031249096,0.004086150598128974,0.008027281007625675,-0.0038683395877370796,0.023041832126875522,0.06551666401515435,0.0985197362448563,0.00980295456747768,0.12053836617937787
9,0.3794560164565055,0.17936705812588005,0.0038294950203197897,0.006919015531015149,-0.014124812509726359,-0.0030547550817265068,-0.03578760621504351,-0.28578541958283427,0.016187900928286075,0.288033661805958
9,0.373648770325386,0.17360817217681432,0.0026822547765001648,0.00997642820027498,-0.011312499293738953,-0.03034023848339809,0.09032374437595155,0.06637696713652552,0.01531979929999555,0.1161241173725988
9,0.3670393309771852,0.16811451202194733,0.0021103259752141834,0.006014846377631243,-0.006906596490946382,-0.015170569802004624,-0.11685906639021862,0.1274598704426294,0.009398559876753473,0.1735863075215407
9,0.360250405104675,0.16275178525247655,0.0023166764450726074,0.008873359237307477,-0.004967784452263202,0.009237292866727836,0.08758172342697045,0.05764020373238163,0.010429879015099465,0.1052534034806215
9,0.35423511364146887,0.15772288952606164,0.0043447321327453325,0.007946958490696578,-0.005342964299914155,0.06712728321005673,-0.029475468663420837,0.007160393630627759,0.01051561287174083,0.0736623828085747
9,0.348139641581113,0.15313330620300955,0.0024935744727285214,0.007747429765476141,-0.008445580134743391,-0.05198095478970874,-0.006846733468742219,-0.10922881249701405,0.011728955854397321,0.12116035201149587
9,0.34162256314018,0.1486900095672615,0.0344808925235775,-0.0055337414090946,-0.005837664248851515,0.9587368856671102,-0.395971597598222,0.08094848413061059,0.035406674047240724,1.0404434531132394
9,0.33526419492767845,0.14409869936259123,0.00450131526065034,0.006026407108199988,-0.007328051963132853,-0.9008585846644446,0.3488301849954337,-0.043104466040473355,0.010501417394042685,0.966998801716015
9,0.32948252770946207,0.13948607975696614,0.002039213234578535,0.009508567491002679,-0.007659830773397991,-0.07255740181942363,0.10271630324535683,0.002234377544562599,0.012379186315106825,0.1257784081398276
9,0.3232614384405891,0.13502092944635566,0.03696286170936827,-0.00764423654403,-0.0033673728323636576,1.0478856198456332,-0.5159464134161698,0.10906085288964806,0.03789494290639726,1.1730981388738513
9,0.316483587896877,0.13049901517461895,0.0026001557915441564,0.008543571958650797,-0.00814891948422175,-1.0345748293775767,0.4866019686468501,-0.14113130788766826,0.012089595556232381,1.1519742182612924
9,0.3097640405997405,0.12572295584284351,0.0034989951065330926,0.00674498533721541,-0.003081829830121119,0.023801014155004907,-0.054524352087951936,0.15158859965373261,0.008199723718310134,0.1628450084908878
9,0.304040133425343,0.12095803353625217,0.0031817114918323286,0.00483218374639012,-0.005889638556303034,-0.008792917046598903,-0.0637893693941365,-0.060742322940421506,0.008255975417842887,0.08852134677064298
9,0.2981156402839923,0.11650658075485172,0.003378412744208373,0.0049387916929058626,-0.0026875733183132633,0.006436622936973613,-0.002444410432536334,0.07312833538740782,0.006559602609720719,0.07345174398017157
9,0.291187231124463,0.11229224876236521,0.0049147623967246284,0.0076938384333546175,-0.005330466257213395,0.043991325469829035,0.07830690876578178,-0.08484837546388904,0.010571845145201174,0.12355749874413122
9,0.28409327599747913,0.10819143798098253,0.005318441201937876,0.00876294376789731,-0.004398260703599277,0.010977307939823266,0.029290031161975302,0.0284448778975252,0.01115435778136179,0.04227905265826458
9,0.2779052575559048,0.10443411147222945,0.003382494592974322,0.0070248040073668805,-0.0029758803797184097,-0.05426896290159139,-0.0566409141415361,0.06339096009620335,0.008345358293555243,0.10085498158802872
9,0.2715896530769686,0.10123873130293963,0.004481271787924443,0.007969598397036218,-0.006144706484911111,0.03655282168637616,0.02715313057823912,-0.11412199527145736,0.011016066141458957,0.12287079017477447
9,0.26446023367416815,0.09839728869456274,0.002600862594851233,0.008488714563185285,-0.0029532495390174884,-0.054374223536910765,0.019228380178101523,0.09156141242380658,0.00935651879772799,0.10821173242563835
9,0.2573072706097753,0.09567251697148997,0.0031433315042078275,0.005726630941689112,-0.0038944917155921965,0.01865576842078978,-0.07786689408116565,-0.025531519418230092,0.007605386289365769,0.0840425450175152
9,0.2507766169445165,0.0930110594694351,0.004696713802296998,0.00826890193955307,-0.004728032072146171,0.047504739721904415,0.07965700672503442,-0.012585247487558515,0.010620176415760449,0.09359662104350328
9,0.24416561433618567,0.09040760371457567,0.002324771969300088,0.00694352612320516,-0.004317730628452698,-0.0695333495952773,-0.03632199793901103,0.0007770902541450186,0.008500583363084818,0.07845239390537205
9,0.23696267368866286,0.08785019557819224,0.002680380467965343,0.007911017427042213,-0.0035604836867245138,0.009574742643299716,0.03133346279653301,0.01787741477063917,0.009079960367063674,0.03732376650860157
9,0.20362759332925517,0.07293627245300857,0.0031649065420191295,0.008805663988090726,-0.002469648170597055,-0.002360649518544866,0.002078803349221281,0.027348005517162655,0.00967757788795351,0.02752830353074629
