update,global_step,wall_s,sps,rollout_s,learn_s,level,c,window_n,window_success,episodes,n_success,n_crash_ground,n_crash_platform,n_tilt,n_drift,n_timeout,strict_success,impact_vz_mean,ep_len_mean,reward_mean,r_active_mean,r_active_frac,pg,v,ent,est,kl,clipfrac,grad_norm,kl_first,explained_var,lr,log_std_mean,est_err_blind_0_0,n_blind_0_0,est_err_blind_1_15,n_blind_1_15,est_err_blind_16_60,n_blind_16_60,est_err_blind_61_120,n_blind_61_120,est_err_blind_121_inf,n_blind_121_inf
1,4096,67.5,60.7,34.23,33.22,10,0.125,157,0.03821656050955414,157,6,147,2,2,0,0,5,-4.202208776126647,24.78980891719745,-1.3308173418045044,-0.09615111351013184,1.0,-0.0038768767728470264,172.2695011138916,3.6738847851753236,4.61758083999157,0.007527475801180117,0.091796875,48.35036678314209,0.0,0.0057735443115234375,0.0003,-0.5013546943664551,5.277612686157227,2207,4.738200664520264,1820,7.31134033203125,69,nan,0,nan,0
2,8192,136.2,59.6,34.93,33.81,10,0.125,326,0.046012269938650305,169,9,157,2,1,0,0,5,-3.4139720989453632,24.485207100591715,-1.325275182723999,-0.09300093352794647,1.0,-0.003072982840240002,130.5037564277649,3.6683300137519836,3.349027618765831,0.005029489827575162,0.058447265625,72.71663112640381,0.0,0.035655200481414795,0.00028799999999999995,-0.5022697448730469,2.618736743927002,2147,4.777873516082764,1880,6.304878234863281,69,nan,0,nan,0
3,12288,206.1,59.0,35.47,34.01,10,0.125,493,0.04665314401622718,167,8,157,1,1,0,0,4,-3.5586301338674557,24.281437125748504,-1.3031466007232666,-0.08843765407800674,1.0,-0.004731869522947818,89.1723388671875,3.664782500267029,2.3855556681752206,0.007428404994425364,0.103369140625,87.19748382568359,0.0,0.07836043834686279,0.000276,-0.5032966136932373,2.5381953716278076,2208,4.065751075744629,1842,5.870932102203369,46,nan,0,nan,0
4,16384,277.1,58.1,36.4,34.12,10,0.125,147,0.06802721088435375,166,12,147,6,1,0,0,8,-3.1181643354919086,24.66867469879518,-1.2713229656219482,-0.08734652400016785,1.0,-0.003138386004138738,63.08027982711792,3.6608410358428953,2.1343279242515565,0.005377718835370615,0.066015625,86.88128852844238,-5.820766091346741e-11,0.10757660865783691,0.00026399999999999997,-0.5042961835861206,2.6065356731414795,2202,3.63498854637146,1858,4.183794021606445,36,nan,0,nan,0
5,20480,348.3,57.9,36.63,34.17,10,0.125,311,0.0932475884244373,164,19,138,6,1,0,0,9,-3.4944650403675364,25.01219512195122,-1.2275397777557373,-0.0847262293100357,1.0,-0.0005825249245390296,52.72748649120331,3.657244288921356,1.9539345294237136,0.007050898813758977,0.091943359375,57.55148410797119,0.0,0.04954773187637329,0.00025199999999999995,-0.5048966407775879,2.3815858364105225,2273,3.5718138217926025,1768,5.777832508087158,55,nan,0,nan,0
6,24576,419.4,57.9,36.54,34.2,10,0.125,480,0.09583333333333334,169,17,149,3,0,0,0,5,-3.580953295578895,24.14792899408284,-1.2463680505752563,-0.08843517303466797,1.0,0.0001733279088512063,44.10904748439789,3.6545167326927186,2.0270230904221536,0.010852949702530168,0.14912109375,27.074911308288574,0.0,0.12682664394378662,0.00023999999999999998,-0.5058666467666626,2.69389271736145,2265,3.5982513427734375,1771,4.643042087554932,60,nan,0,nan,0
7,28672,490.8,57.7,36.75,34.19,10,0.125,133,0.10526315789473684,165,16,141,5,3,0,0,7,-3.3332054509852425,24.55757575757576,-1.2228500843048096,-0.08713787794113159,1.0,0.005806979938643053,37.02750166654587,3.6472915410995483,1.7137508511543273,0.015796855895314366,0.2177734375,18.65331711769104,0.0,0.26919323205947876,0.00022799999999999999,-0.5089929103851318,2.3902781009674072,2128,3.6338932514190674,1901,4.70943021774292,67,nan,0,nan,0
8,32768,562.3,57.7,36.83,34.2,10,0.125,300,0.11666666666666667,167,21,139,4,3,0,0,10,-3.8087612925867864,24.982035928143713,-1.211328148841858,-0.08028145134449005,1.0,-0.0043532860465347765,36.76662174463272,3.6353185892105104,1.4691683143377303,0.01067898832843639,0.14453125,11.483538556098939,0.0,0.37898576259613037,0.00021599999999999996,-0.5109760761260986,2.573408365249634,2150,2.8279035091400146,1870,3.1988000869750977,76,nan,0,nan,0
9,36864,633.5,57.9,36.52,34.21,10,0.125,463,0.11663066954643629,163,19,129,12,3,0,0,13,-3.7646211310577953,25.0,-1.2023675441741943,-0.07816896587610245,1.0,0.0010571429738774896,35.63439812660217,3.6286750435829163,1.52189040184021,0.010448124632239342,0.137158203125,12.378190398216248,0.0,0.4110725522041321,0.00020399999999999997,-0.5127012729644775,2.418863296508789,2167,3.0046417713165283,1817,4.22037410736084,112,nan,0,nan,0
10,40960,704.9,57.8,36.67,34.22,10,0.125,121,0.12396694214876033,170,19,143,8,0,0,0,10,-3.6047331666358344,24.44705882352941,-1.1995609998703003,-0.0752321183681488,1.0,-0.0024431930389255284,31.304196804761887,3.6233774542808534,1.4153476446866988,0.009714599506696685,0.137939453125,11.379430365562438,0.0,0.4742255210876465,0.00019199999999999998,-0.5133339166641235,2.3810009956359863,2122,2.8971076011657715,1915,4.168720245361328,59,nan,0,nan,0
11,45056,776.9,57.2,37.39,34.24,10,0.125,295,0.09491525423728814,174,13,150,10,1,0,0,8,-3.363230320747414,23.25287356321839,-1.228952169418335,-0.07374326884746552,1.0,0.00021874241065233946,22.41328245997429,3.6195545554161073,1.264445684105158,0.013620777148753404,0.18212890625,9.978333806991577,0.0,0.5242410898208618,0.00017999999999999998,-0.515052080154419,2.3293657302856445,2254,2.7922167778015137,1792,3.742018461227417,50,nan,0,nan,0
12,49152,848.6,57.5,37.02,34.26,10,0.125,470,0.09361702127659574,175,16,148,8,3,0,0,7,-3.6158913557799854,23.245714285714286,-1.2184391021728516,-0.07594845443964005,1.0,-0.0048465331783518195,25.686331510543823,3.6123496770858763,1.3441118642687797,0.009238991187885404,0.12890625,10.25085688829422,-5.820766091346741e-11,0.5089290142059326,0.000168,-0.5169018507003784,2.2848196029663086,2277,2.8070387840270996,1764,3.794156074523926,55,nan,0,nan,0
13,53248,920.9,57.0,37.62,34.24,10,0.125,141,0.16312056737588654,183,29,143,7,4,0,0,17,-3.8298329675607388,22.48633879781421,-1.1369030475616455,-0.07816540449857712,1.0,-0.0038069875445216894,34.38404552936554,3.605396831035614,1.292724047601223,0.0070842432993231345,0.0966796875,15.911077857017517,0.0,0.44087374210357666,0.000156,-0.5183253288269043,2.433556318283081,2395,2.806382656097412,1672,4.309635639190674,29,nan,0,nan,0
14,57344,992.8,57.3,37.15,34.29,10,0.125,317,0.15141955835962145,176,25,142,5,4,0,0,13,-4.323351992855621,23.267045454545453,-1.146345615386963,-0.07404674589633942,1.0,-0.00393146185670048,30.95039649605751,3.600150263309479,1.2975115396082402,0.00784412412031088,0.103173828125,9.0145840883255,0.0,0.44775390625,0.00014399999999999998,-0.5195727944374084,2.2656502723693848,2280,2.789634943008423,1765,5.151216983795166,51,nan,0,nan,0
15,61440,1064.7,57.3,37.28,34.25,10,0.125,500,0.148,183,26,145,9,3,0,0,20,-3.755334198217227,22.56830601092896,-1.147477626800537,-0.07274456322193146,1.0,-0.0005659565329551696,31.40343570113182,3.5962695479393005,1.213050226122141,0.008519947086460889,0.111181640625,11.698407340049744,0.0,0.4279394745826721,0.00013199999999999998,-0.5200916528701782,2.11987566947937,2340,2.925840377807617,1727,3.8582634925842285,29,nan,0,nan,0
16,65536,1137.4,56.7,37.99,34.29,10,0.125,177,0.1638418079096045,189,32,138,12,7,0,0,16,-4.273924944337699,21.650793650793652,-1.124812126159668,-0.07225392758846283,1.0,-0.0036605599452741444,38.25032296180725,3.594690430164337,1.122646253556013,0.008005192203563638,0.1125,12.923421001434326,0.0,0.3565954566001892,0.00011999999999999999,-0.5205942392349243,2.109473705291748,2357,2.81711483001709,1705,3.6582984924316406,34,nan,0,nan,0
17,69632,1209.9,56.8,37.79,34.27,10,0.125,361,0.1745152354570637,184,34,140,7,3,0,0,18,-4.087338146117675,22.184782608695652,-1.0857164859771729,-0.0692652091383934,1.0,-0.0031189833767712115,36.667334866523746,3.5911969423294066,1.0363819949328898,0.004055361906648613,0.041357421875,10.414992082118989,0.0,0.3644757866859436,0.00010799999999999998,-0.5219007134437561,2.0651845932006836,2335,2.524980068206787,1739,2.2722268104553223,22,nan,0,nan,0
18,73728,1281.9,57.2,37.36,34.28,10,0.125,34,0.11764705882352941,185,30,148,5,2,0,0,19,-3.871371424483512,22.27027027027027,-1.1099462509155273,-0.06435848772525787,1.0,-0.0043474102742038665,33.423604738712314,3.5864028215408323,0.9320021234452724,0.004819526494247839,0.054833984375,9.390156769752503,-5.820766091346741e-11,0.35558021068573,9.599999999999998e-05,-0.5227364897727966,1.971317172050476,2414,2.339613437652588,1671,3.400172233581543,11,nan,0,nan,0
19,77824,1354.1,57.1,37.49,34.28,10,0.125,221,0.1583710407239819,187,31,137,13,6,0,0,20,-4.176843537483721,21.727272727272727,-1.0780608654022217,-0.06504339724779129,1.0,-0.004260959080420434,36.202200376987456,3.5842138051986696,0.9492884844541549,0.0076199984177947044,0.105419921875,12.794150292873383,0.0,0.3228664994239807,8.4e-05,-0.5229859352111816,2.0485973358154297,2420,2.301651954650879,1657,2.953282117843628,19,nan,0,nan,0
20,81920,1426.6,56.9,37.72,34.32,10,0.125,414,0.1859903381642512,193,42,130,12,9,0,0,23,-4.031250826374431,21.66321243523316,-1.0495257377624512,-0.06512715667486191,0.9997437596321106,-0.0031017733970656993,41.92302623987198,3.583106780052185,0.9456559620797634,0.005292846163501963,0.06455078125,11.275388288497926,0.0,0.3088216185569763,7.199999999999999e-05,-0.5235499143600464,1.9029325246810913,2399,2.516881227493286,1687,2.740541934967041,10,nan,0,nan,0
21,86016,1498.7,57.2,37.35,34.32,10,0.125,95,0.2,193,40,132,11,10,0,0,24,-4.278091455842999,21.036269430051814,-1.0400444269180298,-0.06559114903211594,1.0,-0.0016747234389185906,39.79209405183792,3.5809065103530884,0.9821953356266022,0.007577271416084841,0.094580078125,9.701464939117432,0.0,0.3126738667488098,5.999999999999998e-05,-0.5237358212471008,2.0565104484558105,2357,2.4073970317840576,1722,2.7692666053771973,17,nan,0,nan,0
22,90112,1571.5,56.6,37.99,34.32,10,0.125,291,0.21993127147766323,196,45,128,13,10,0,0,25,-4.295441785812142,20.846938775510203,-1.037619709968567,-0.06581665575504303,1.0,-0.002709966874681413,42.90542640686035,3.5802990913391115,0.9391956590116024,0.004885696087148972,0.0546875,8.750018525123597,0.0,0.3023067116737366,4.800000000000001e-05,-0.5241752862930298,2.0680418014526367,2429,2.322676420211792,1650,3.932485342025757,17,nan,0,nan,0
23,94208,1643.5,57.2,37.3,34.29,10,0.125,479,0.20668058455114824,188,35,135,7,11,0,0,22,-4.083569697122495,21.77659574468085,-1.0565086603164673,-0.0618002787232399,1.0,-0.0017191876424476505,37.27470430135727,3.578374111652374,0.92850152105093,0.004214048726134933,0.04599609375,10.79326993227005,0.0,0.2820497155189514,3.5999999999999994e-05,-0.5244784951210022,1.9380465745925903,2446,2.3091137409210205,1627,3.5138304233551025,23,nan,0,nan,0
24,98304,1715.7,57.1,37.49,34.28,10,0.125,166,0.13855421686746988,199,37,139,12,11,0,0,17,-4.446351483201245,20.633165829145728,-1.0886591672897339,-0.06082801893353462,1.0,-0.0022719669388607143,36.187100529670715,3.5775073170661926,0.8528841905295849,0.00258130612783134,0.02216796875,8.792736780643462,-5.820766091346741e-11,0.31701505184173584,2.3999999999999987e-05,-0.5246758460998535,1.8719335794448853,2535,2.2773168087005615,1554,2.7416305541992188,7,nan,0,nan,0
25,102400,1788.1,56.8,37.77,34.28,10,0.125,371,0.1752021563342318,205,42,135,11,17,0,0,26,-4.377168281580675,20.2,-1.0889122486114502,-0.05852212756872177,1.0,-0.001976831560023129,41.27287625074386,3.5768638610839845,0.8192679211497307,0.002479727246100083,0.020703125,10.339596354961396,-5.820766091346741e-11,0.28192847967147827,1.2000000000000009e-05,-0.5247623920440674,1.788437843322754,2481,2.2657713890075684,1607,4.325194835662842,8,nan,0,nan,0
