total_episodes,level,window_success,promoted
512,10,0.03125,False
1024,10,0.033203125,False
1536,10,0.06640625,False
2048,10,0.087890625,False
2560,10,0.17578125,False
3072,10,0.216796875,False
3584,10,0.267578125,False
4096,10,0.353515625,False
4608,10,0.37890625,False
5120,10,0.388671875,False
5632,10,0.447265625,False
6144,10,0.498046875,False
6656,10,0.498046875,False
7168,10,0.548828125,False
7680,10,0.55078125,False
8192,10,0.564453125,False
8704,10,0.6015625,False
9216,10,0.59375,False
9728,10,0.6796875,False
10240,10,0.66796875,False
10752,10,0.65625,False
11264,10,0.6875,False
11776,10,0.72265625,False
12288,10,0.7265625,False
12800,10,0.765625,False
13312,10,0.779296875,False
13824,10,0.80859375,True
14536,20,0.775390625,False
15048,20,0.765625,False
15560,20,0.787109375,False
16072,20,0.798828125,False
16584,20,0.794921875,False
17096,20,0.830078125,True
17633,30,0.806640625,True
18274,40,0.763671875,False
18786,40,0.791015625,False
19298,40,0.78125,False
19810,40,0.818359375,True
20538,50,0.806640625,True
21140,60,0.7734375,False
21652,60,0.765625,False
22164,60,0.78515625,False
22676,60,0.79296875,False
23188,60,0.78125,False
23700,60,0.83984375,True
24390,70,0.82421875,True
24928,80,0.765625,False
25440,80,0.7734375,False
25952,80,0.78515625,False
26464,80,0.759765625,False
26976,80,0.802734375,False
27488,80,0.783203125,False
28000,80,0.794921875,False
28512,80,0.802734375,False
29024,80,0.78125,False
29536,80,0.82421875,False
30048,80,0.77734375,False
30560,80,0.783203125,False
31072,80,0.787109375,False
31584,80,0.7890625,False
32096,80,0.826171875,False
32608,80,0.830078125,False
33120,80,0.80859375,False
33632,80,0.818359375,False
34144,80,0.798828125,False
34656,80,0.810546875,False
35168,80,0.80859375,False
35680,80,0.841796875,False
36192,80,0.86328125,False
36704,80,0.841796875,False
37216,80,0.837890625,False
37728,80,0.8359375,False
38240,80,0.84375,False
38752,80,0.8515625,False
39264,80,0.818359375,False
39776,80,0.841796875,False
40288,80,0.826171875,False
40800,80,0.8125,False
41312,80,0.84765625,False
41824,80,0.84375,False
42336,80,0.87109375,False
42848,80,0.865234375,False
43360,80,0.85546875,False
43872,80,0.8828125,False
44384,80,0.865234375,False
44896,80,0.880859375,False
45408,80,0.865234375,False
45920,80,0.857421875,False
46432,80,0.87890625,False
46944,80,0.8671875,False
47456,80,0.83203125,False
47968,80,0.86328125,False
48480,80,0.859375,False
48992,80,0.8515625,False
49504,80,0.8515625,False
50016,80,0.873046875,False
50528,80,0.8828125,False
51040,80,0.873046875,False
51552,80,0.865234375,False
52064,80,0.880859375,False
52576,80,0.873046875,False
53088,80,0.876953125,False
53600,80,0.88671875,False
54112,80,0.89453125,False
54624,80,0.89453125,False
55136,80,0.876953125,False
55648,80,0.908203125,False
56160,80,0.912109375,False
56672,80,0.89453125,False
57184,80,0.919921875,False
57696,80,0.89453125,False
58208,80,0.87109375,False
58720,80,0.896484375,False
59232,80,0.87890625,False
59744,80,0.892578125,False
60256,80,0.89453125,False
60768,80,0.89453125,False
61280,80,0.86328125,False
61792,80,0.89453125,False
62304,80,0.8984375,False
62816,80,0.890625,False
63328,80,0.900390625,False
63840,80,0.884765625,False
64352,80,0.873046875,False
64864,80,0.90625,False
65376,80,0.8984375,False
65888,80,0.900390625,False
66400,80,0.9296875,False
66912,80,0.888671875,False
67424,80,0.91015625,False
67936,80,0.896484375,False
68448,80,0.89453125,False
68960,80,0.939453125,False
69472,80,0.900390625,False
69984,80,0.884765625,False
70496,80,0.90625,False
71008,80,0.908203125,False
71520,80,0.880859375,False
72032,80,0.87890625,False
72544,80,0.912109375,False
73056,80,0.89453125,False
73568,80,0.8828125,False
74080,80,0.880859375,False
74592,80,0.88671875,False
75104,80,0.908203125,False
75616,80,0.912109375,False
76128,80,0.919921875,False
76640,80,0.869140625,False
77152,80,0.916015625,False
77664,80,0.87890625,False
78176,80,0.90234375,False
78688,80,0.8984375,False
79200,80,0.91796875,False
79712,80,0.90234375,False
80224,80,0.91015625,False
80736,80,0.89453125,False
81248,80,0.900390625,False
81760,80,0.896484375,False
82272,80,0.91796875,False
82784,80,0.888671875,False
83296,80,0.892578125,False
83808,80,0.923828125,False
84320,80,0.923828125,False
84832,80,0.927734375,False
85344,80,0.90625,False
85856,80,0.916015625,False
86368,80,0.912109375,False
86880,80,0.90625,False
87392,80,0.90625,False
87904,80,0.923828125,False
88416,80,0.921875,False
88928,80,0.908203125,False
89440,80,0.939453125,False
89952,80,0.916015625,False
90464,80,0.919921875,False
90976,80,0.92578125,False
91488,80,0.876953125,False
92000,80,0.90625,False
92512,80,0.931640625,False
93024,80,0.9140625,False
